"label","id","mRNA","methy"
"ACTN1","node_id_0",11.06980037689209,-0.006300000008195639
"ATP2A1","node_id_1",3.092099905014038,-0.48510000109672546
"ETV6","node_id_7",9.165800094604492,0.2231999933719635
"ITGAD","node_id_10",2.0483999252319336,0.3808000087738037
"SMARCC2","node_id_11",11.007800102233887,-0.489300012588501
"DNAH17","node_id_12",5.23829984664917,0.3582000136375427
"LOXL4","node_id_18",7.045499801635742,0.3605000078678131
"GPHN","node_id_27",7.704800128936768,-0.4207000136375427
"APAF1","node_id_37",8.24489974975586,-0.48080000281333923
"ARPC2","node_id_48",11.907099723815918,0.2777000069618225
"PRKCH","node_id_51",10.086799621582031,0.18729999661445618
"CNTNAP2","node_id_68",3.6196000576019287,-0.38190001249313354
"PTK2B","node_id_71",9.122599601745605,-0.11069999635219574
"SPTBN4","node_id_77",5.248300075531006,-0.24150000512599945
"RNF111","node_id_79",8.888699531555176,-0.3912999927997589
"IGF2R","node_id_80",11.624300003051758,0.4867999851703644
"MAPK4","node_id_81",4.634399890899658,-0.3921000063419342
"RRP1","node_id_85",9.598199844360352,-0.489300012588501
"MYBL1","node_id_87",6.264999866485596,-0.4717999994754791
"UBR1","node_id_88",8.853899955749512,-0.12290000170469284
"ZNF613","node_id_90",6.946300029754639,-0.4684000015258789
"DOCK1","node_id_93",10.6048002243042,0.12559999525547028
"PDGFRA","node_id_97",7.993599891662598,-0.15770000219345093
"CRHR1","node_id_98",0.7354000210762024,-0.0024999999441206455
"HTR1D","node_id_99",1.5269999504089355,0.2784000039100647
"RNF220","node_id_100",10.22760009765625,-0.49000000953674316
"ERCC6","node_id_104",6.648799896240234,-0.4814000129699707
"SYNJ1","node_id_109",8.15250015258789,-0.37059998512268066
"ALDOA","node_id_111",15.38290023803711,-0.1720999926328659
"ANK3","node_id_112",9.871800422668457,-0.07840000092983246
"ZNF710","node_id_113",7.7932000160217285,0.1551000028848648
"NCAPD2","node_id_114",9.593500137329102,0.41499999165534973
"UBTF","node_id_115",11.27910041809082,0.17470000684261322
"EPB41L3","node_id_116",9.343500137329102,-0.05389999970793724
"DCC","node_id_117",0.0,0.3294000029563904
"CD2","node_id_118",7.665299892425537,0.3903999924659729
"TCF12","node_id_119",9.990400314331055,-0.09690000116825104
"GABBR1","node_id_122",8.812199592590332,0.37599998712539673
"MTSS1","node_id_124",10.360300064086914,-0.30410000681877136
"GABRA5","node_id_127",1.5269999504089355,0.34389999508857727
"ARHGEF4","node_id_128",4.060200214385986,-0.05660000070929527
"HIP1","node_id_132",9.958900451660156,0.3982999920845032
"BRCA2","node_id_144",4.806000232696533,0.415800005197525
"AP2B1","node_id_146",12.297200202941895,-0.43619999289512634
"NELL2","node_id_148",3.464200019836426,0.27399998903274536
"UHRF1","node_id_151",5.071199893951416,0.4025000035762787
"CROT","node_id_152",8.146100044250488,-0.22949999570846558
"ATP11A","node_id_155",12.493499755859375,-0.19120000302791595
"UGP2","node_id_156",10.919500350952148,0.4081999957561493
"ACTA1","node_id_158",2.9818999767303467,-0.4368000030517578
"PUM1","node_id_160",10.309900283813477,0.05660000070929527
"ADCY9","node_id_161",10.30780029296875,-0.38499999046325684
"GRIN2A","node_id_163",4.164899826049805,-0.3138999938964844
"PWP2","node_id_168",8.808199882507324,0.42579999566078186
"PIK3CB","node_id_170",10.17240047454834,0.3743000030517578
"FBXO31","node_id_172",9.15149974822998,0.29190000891685486
"CREBBP","node_id_174",10.581999778747559,-0.3603000044822693
"TAX1BP1","node_id_176",11.124699592590332,-0.3901999890804291
"SLC25A12","node_id_177",8.826199531555176,-0.4684999883174896
"TPO","node_id_180",0.0,0.25780001282691956
"ARHGEF11","node_id_181",9.43910026550293,0.44620001316070557
"PTPN22","node_id_182",5.224299907684326,0.3111000061035156
"COG1","node_id_187",9.570500373840332,-0.4880000054836273
"KCNAB2","node_id_188",8.229900360107422,0.0052999998442828655
"EPHA7","node_id_190",8.771400451660156,-0.44600000977516174
"NSMAF","node_id_191",8.700799942016602,-0.4844000041484833
"RBL1","node_id_193",5.79640007019043,-0.26100000739097595
"ARHGAP30","node_id_194",8.894399642944336,0.1282999962568283
"PHF19","node_id_195",8.19320011138916,0.16740000247955322
"LRP6","node_id_201",9.553099632263184,-0.32670000195503235
"CBX2","node_id_203",6.311299800872803,0.14920000731945038
"GABRA1","node_id_204",0.0,-0.4661000072956085
"CSDE1","node_id_209",13.440799713134766,-0.4431999921798706
"SMURF2","node_id_211",8.262700080871582,0.2992999851703644
"PRKCA","node_id_212",9.315299987792969,0.013799999840557575
"DNMT3A","node_id_213",8.52340030670166,-0.08399999886751175
"PSMD4","node_id_218",11.494799613952637,-0.4796000123023987
"RPS6KA2","node_id_220",10.797699928283691,0.2703999876976013
"MCF2L","node_id_222",10.50059986114502,0.15530000627040863
"RASA3","node_id_225",9.98859977722168,-0.31690001487731934
"GPSM1","node_id_230",8.15250015258789,0.1290999948978424
"ARHGAP21","node_id_231",9.713700294494629,-0.4032000005245209
"GRM7","node_id_232",0.0,0.19900000095367432
"KSR2","node_id_233",3.8875999450683594,-0.17020000517368317
"SLCO4C1","node_id_234",10.191100120544434,-0.45399999618530273
"PCBP2","node_id_235",13.291199684143066,-0.10239999741315842
"COL7A1","node_id_236",5.860099792480469,0.33079999685287476
"KIAA1549","node_id_238",8.595399856567383,0.1606999933719635
"TRPC3","node_id_239",2.0483999252319336,-0.46480000019073486
"RYR2","node_id_240",1.8111000061035156,0.2922999858856201
"CTNNA2","node_id_243",1.1728999614715576,0.3580999970436096
"PFKP","node_id_250",13.490900039672852,0.2667999863624573
"RNF213","node_id_251",11.43239974975586,-0.34540000557899475
"PES1","node_id_252",11.340399742126465,-0.484499990940094
"RB1","node_id_256",10.454899787902832,-0.3158000111579895
"COL1A1","node_id_257",15.244000434875488,0.4131999909877777
"CENPF","node_id_260",6.645500183105469,0.43860000371932983
"LEO1","node_id_261",8.69260025024414,-0.4837000072002411
"NLGN2","node_id_264",8.75469970703125,0.01679999940097332
"SQSTM1","node_id_265",13.567700386047363,0.27300000190734863
"CDK12","node_id_266",9.277899742126465,-0.46000000834465027
"ITGA2B","node_id_267",4.988100051879883,-0.47350001335144043
"PLXNB2","node_id_268",13.361800193786621,-0.2232999950647354
"KDM1A","node_id_269",9.839599609375,0.1615999937057495
"PTPN14","node_id_272",6.807799816131592,0.16339999437332153
"FGR","node_id_275",8.567000389099121,0.06080000102519989
"EPPK1","node_id_276",8.149299621582031,0.35659998655319214
"STXBP5L","node_id_278",0.0,-0.36399999260902405
"VANGL2","node_id_279",6.241199970245361,-0.48829999566078186
"CHD3","node_id_280",10.951800346374512,-0.15389999747276306
"PIK3R1","node_id_288",10.139900207519531,-0.46709999442100525
"HERC1","node_id_290",10.163700103759766,0.4142000079154968
"GLI2","node_id_292",6.452300071716309,0.45179998874664307
"CACNA1S","node_id_293",1.5269999504089355,0.18140000104904175
"DDX21","node_id_299",9.375100135803223,-0.414900004863739
"GRM4","node_id_300",0.7024999856948853,-0.0957999974489212
"RHOBTB2","node_id_303",9.61400032043457,0.1899999976158142
"ESR2","node_id_304",3.8250999450683594,0.448199987411499
"MSH5","node_id_305",7.8429999351501465,-0.4715000092983246
"RAI1","node_id_306",9.563899993896484,0.17990000545978546
"ALK","node_id_307",0.7024999856948853,-0.48559999465942383
"JARID2","node_id_309",8.515999794006348,0.2924000024795532
"GRM8","node_id_310",7.358399868011475,0.06400000303983688
"MAD1L1","node_id_318",8.935600280761719,0.36390000581741333
"HTR3A","node_id_320",0.0,0.38769999146461487
"CHD4","node_id_321",11.901000022888184,-0.22339999675750732
"TAOK2","node_id_322",11.34179973602295,0.1860000044107437
"B2M","node_id_323",16.320899963378906,0.3986999988555908
"EED","node_id_324",7.976799964904785,-0.48089998960494995
"CD8B","node_id_327",5.979599952697754,0.3253999948501587
"PLD1","node_id_330",9.25879955291748,0.00860000029206276
"XPO1","node_id_332",11.344900131225586,-0.4584999978542328
"MAP3K5","node_id_334",9.555500030517578,-0.4133000075817108
"MYBBP1A","node_id_337",9.038000106811523,0.164900004863739
"DLL1","node_id_339",10.911499977111816,0.15539999306201935
"OAS2","node_id_343",9.515299797058105,-0.045899998396635056
"PTPN9","node_id_346",10.09749984741211,0.08820000290870667
"SRRM2","node_id_349",12.84689998626709,0.4867999851703644
"FBXO21","node_id_351",9.986000061035156,-0.01679999940097332
"SYNRG","node_id_352",9.706199645996094,0.41290000081062317
"PPRC1","node_id_353",9.303899765014648,0.2676999866962433
"IQSEC1","node_id_356",10.603099822998047,0.020500000566244125
"EP400","node_id_358",9.57349967956543,0.4641000032424927
"PPM1L","node_id_359",4.739799976348877,-0.4629000127315521
"MEF2D","node_id_360",10.863699913024902,0.10019999742507935
"SGIP1","node_id_362",7.75600004196167,0.19910000264644623
"MIA3","node_id_363",10.245800018310547,-0.47429999709129333
"IL4R","node_id_368",10.736900329589844,0.397599995136261
"ZNF17","node_id_370",6.6545000076293945,-0.4359999895095825
"GABBR2","node_id_371",4.8379998207092285,-0.38179999589920044
"SND1","node_id_372",12.088700294494629,-0.4745999872684479
"PPP1R15B","node_id_379",10.99899959564209,-0.17470000684261322
"ANAPC4","node_id_380",8.838199615478516,-0.2126999944448471
"CREM","node_id_383",9.730899810791016,0.10639999806880951
"NID1","node_id_386",11.973400115966797,0.1517000049352646
"KCNH1","node_id_394",1.8111000061035156,-0.42500001192092896
"EPAS1","node_id_397",14.439800262451172,-0.30140000581741333
"IGF1R","node_id_399",10.670700073242188,0.0015999999595806003
"MAP2K1","node_id_400",10.2121000289917,-0.12610000371932983
"RRAGD","node_id_402",10.456199645996094,0.20679999887943268
"CDK14","node_id_407",9.261799812316895,-0.05480000004172325
"SYNGAP1","node_id_415",8.084099769592285,0.41589999198913574
"NCL","node_id_416",13.309200286865234,0.39719998836517334
"DPYSL3","node_id_419",10.477299690246582,0.3675999939441681
"EPHA2","node_id_421",10.879199981689453,0.1525000035762787
"PGM2","node_id_423",9.011199951171875,-0.47870001196861267
"NFATC1","node_id_430",9.164199829101562,-0.1526000052690506
"SCRIB","node_id_432",10.196499824523926,0.2363000065088272
"ITPR3","node_id_433",10.166000366210938,0.1396999955177307
"ZFPM2","node_id_440",6.5808000564575195,0.023800000548362732
"DLGAP3","node_id_445",2.7323999404907227,0.18320000171661377
"SPTB","node_id_446",5.3404998779296875,0.3391000032424927
"EPS8L2","node_id_449",12.29170036315918,-0.24310000240802765
"MOV10","node_id_461",9.517800331115723,-0.4740999937057495
"NFKB1","node_id_464",10.115599632263184,-0.10490000247955322
"HRH1","node_id_467",7.8491997718811035,0.06949999928474426
"EXT1","node_id_479",9.536199569702148,0.3321000039577484
"NOTCH1","node_id_480",11.297499656677246,0.13539999723434448
"WDR35","node_id_484",9.383299827575684,-0.4334999918937683
"ZNF337","node_id_488",9.013199806213379,-0.48170000314712524
"CHRD","node_id_490",8.918899536132812,0.23800000548362732
"CAMK2D","node_id_496",9.7298002243042,0.34630000591278076
"KIF5C","node_id_497",7.131999969482422,0.322299987077713
"GNPTAB","node_id_505",9.665499687194824,-0.1768999993801117
"GFRA2","node_id_509",6.618100166320801,-0.47699999809265137
"GUSB","node_id_510",10.904899597167969,0.48570001125335693
"STAT1","node_id_512",11.688799858093262,0.3285999894142151
"PMEPA1","node_id_513",12.002400398254395,0.23579999804496765
"ANGPT4","node_id_518",1.5269999504089355,-0.09059999883174896
"ABCB1","node_id_522",9.683199882507324,-0.16110000014305115
"DLGAP2","node_id_523",1.8111000061035156,0.029999999329447746
"APOA1","node_id_525",2.4305999279022217,-0.482699990272522
"HDAC4","node_id_528",8.733599662780762,0.13510000705718994
"ACSF3","node_id_529",9.25879955291748,-0.48010000586509705
"ACTR3B","node_id_530",6.95359992980957,-0.41780000925064087
"NTRK3","node_id_533",6.95359992980957,-0.4745999872684479
"CACNA2D1","node_id_534",4.597499847412109,-0.476500004529953
"MYH11","node_id_535",12.311200141906738,0.07880000025033951
"CNKSR1","node_id_536",4.262400150299072,0.2906000018119812
"CHRM2","node_id_537",0.0,0.1535000056028366
"INPP5D","node_id_543",9.66100025177002,0.023399999365210533
"BCAR1","node_id_547",11.177599906921387,0.11729999631643295
"CHRNB2","node_id_548",2.2520999908447266,-0.4239000082015991
"INTS2","node_id_549",7.709199905395508,-0.4896000027656555
"TNRC6A","node_id_550",9.58180046081543,-0.49149999022483826
"JAK1","node_id_551",11.920499801635742,-0.020899999886751175
"ZNF692","node_id_553",8.826199531555176,-0.4731000065803528
"TFAP2B","node_id_556",5.071199893951416,-0.3156999945640564
"ZKSCAN1","node_id_557",7.730599880218506,0.35659998655319214
"ZKSCAN5","node_id_559",8.508600234985352,-0.47999998927116394
"BRD1","node_id_562",9.31820011138916,0.06459999829530716
"APLP2","node_id_563",13.852299690246582,-0.34709998965263367
"STK10","node_id_564",10.32759952545166,0.23829999566078186
"RASGRP2","node_id_565",8.543000221252441,-0.1670999974012375
"ESPL1","node_id_571",6.129300117492676,-0.4781999886035919
"PKN1","node_id_572",12.690199851989746,-0.3352000117301941
"COL16A1","node_id_575",9.162599563598633,0.22179999947547913
"FZD6","node_id_576",8.648200035095215,-0.3774000108242035
"DOCK7","node_id_577",8.54539966583252,0.13379999995231628
"MCCC1","node_id_578",9.323800086975098,0.2838999927043915
"CDCA7","node_id_583",4.8379998207092285,-0.44940000772476196
"ABL1","node_id_590",10.828800201416016,0.3880000114440918
"GNA11","node_id_591",9.02869987487793,0.1907999962568283
"ETS2","node_id_592",11.999099731445312,-0.18520000576972961
"ASPH","node_id_593",11.288299560546875,-0.4641999900341034
"TNXB","node_id_594",10.190199851989746,0.1315000057220459
"HACE1","node_id_595",7.601399898529053,-0.48579999804496765
"NCOR2","node_id_596",12.265600204467773,0.27810001373291016
"NR2E1","node_id_597",7.554100036621094,-0.41440001130104065
"ATG7","node_id_598",9.479499816894531,0.35190001130104065
"SMAD2","node_id_601",10.173999786376953,-0.47699999809265137
"BUB3","node_id_602",10.110699653625488,-0.46720001101493835
"ARHGEF10L","node_id_603",10.25100040435791,-0.08009999990463257
"COL11A1","node_id_607",1.5269999504089355,0.24040000140666962
"ASXL1","node_id_610",10.51990032196045,-0.4846999943256378
"CR1","node_id_613",4.164899826049805,-0.4616999924182892
"ANK1","node_id_614",7.201200008392334,-0.29269999265670776
"ADORA1","node_id_615",5.82859992980957,-0.06759999692440033
"CACNB2","node_id_618",6.241199970245361,-0.32820001244544983
"SALL1","node_id_619",10.74269962310791,-0.38109999895095825
"GK2","node_id_620",0.0,0.37720000743865967
"HTR1B","node_id_627",0.7024999856948853,-0.48570001125335693
"TBX5","node_id_629",1.5269999504089355,-0.16089999675750732
"HKDC1","node_id_630",9.192299842834473,0.36649999022483826
"ITPR2","node_id_637",8.78380012512207,0.3610000014305115
"TAGAP","node_id_640",6.542399883270264,0.4327000081539154
"TACC1","node_id_646",11.23169994354248,-0.3046000003814697
"ZC3HAV1","node_id_648",9.68649959564209,0.45579999685287476
"GPC6","node_id_649",9.6225004196167,-0.045099999755620956
"TRRAP","node_id_651",9.9266996383667,0.37630000710487366
"NR4A2","node_id_652",8.060500144958496,-0.47269999980926514
"DSC2","node_id_656",9.578200340270996,-0.2994000017642975
"MCM5","node_id_662",9.975199699401855,0.39899998903274536
"GABRB1","node_id_668",0.7024999856948853,-0.44929999113082886
"UBE3C","node_id_670",10.248800277709961,-0.4717000126838684
"MMP15","node_id_674",10.505599975585938,0.38449999690055847
"ZNF423","node_id_675",7.660799980163574,0.35510000586509705
"PLXNB1","node_id_678",10.3548002243042,-0.12880000472068787
"LHCGR","node_id_686",0.0,0.40049999952316284
"ARAP1","node_id_693",11.717499732971191,0.25099998712539673
"CYFIP1","node_id_696",10.954999923706055,0.430400013923645
"SPG7","node_id_697",11.08489990234375,0.3952000141143799
"ITGB1","node_id_700",13.523599624633789,-0.08829999715089798
"CD8A","node_id_707",7.89169979095459,0.43630000948905945
"ABAT","node_id_708",8.297599792480469,-0.27230000495910645
"PRLR","node_id_710",6.989699840545654,0.42399999499320984
"C1GALT1","node_id_711",8.31760025024414,-0.4828000068664551
"HS6ST1","node_id_712",10.2701997756958,-0.4065999984741211
"UBR4","node_id_716",11.589500427246094,0.1500999927520752
"GRB10","node_id_719",12.547100067138672,0.14589999616146088
"LAMC3","node_id_721",10.937600135803223,0.0786999985575676
"GAD1","node_id_722",2.0483999252319336,-0.4839000105857849
"SPATA13","node_id_723",7.549499988555908,0.058400001376867294
"LRIG1","node_id_724",9.380399703979492,-0.22529999911785126
"ZNF3","node_id_725",8.932700157165527,-0.4717000126838684
"CNDP1","node_id_726",4.597499847412109,0.37450000643730164
"LRP8","node_id_731",3.8875999450683594,0.39010000228881836
"MAP2K3","node_id_734",10.652899742126465,0.37940001487731934
"EPHB3","node_id_735",7.15749979019165,0.20280000567436218
"CELSR1","node_id_736",10.710200309753418,-0.060600001364946365
"DTX1","node_id_738",6.522900104522705,0.4471000134944916
"RHOT1","node_id_739",8.998900413513184,-0.4869000017642975
"ZNF616","node_id_740",6.716000080108643,-0.454800009727478
"DEF6","node_id_748",7.554100036621094,-0.03590000048279762
"GALNT6","node_id_759",6.356200218200684,-0.17499999701976776
"TAF5","node_id_761",6.021999835968018,0.38580000400543213
"DNM3","node_id_762",7.092700004577637,0.013500000350177288
"CUX1","node_id_764",11.407899856567383,0.38929998874664307
"LMO7","node_id_767",10.04800033569336,-0.1526000052690506
"CR2","node_id_769",1.8111000061035156,-0.4255000054836273
"RET","node_id_770",4.480800151824951,-0.4677000045776367
"COPB1","node_id_773",11.199299812316895,-0.37630000710487366
"CHRNA4","node_id_774",3.092099905014038,-0.29580000042915344
"RPTOR","node_id_775",9.68649959564209,0.2892000079154968
"FGFR2","node_id_778",8.61400032043457,-0.04019999876618385
"GABRB2","node_id_785",5.044000148773193,-0.4659000039100647
"CDC73","node_id_786",9.532500267028809,0.3192000091075897
"NCOR1","node_id_789",10.265000343322754,0.22789999842643738
"ESRRG","node_id_791",5.763400077819824,-0.22619999945163727
"LAMB3","node_id_799",7.6107001304626465,0.47780001163482666
"PARP4","node_id_800",10.060700416564941,-0.1509999930858612
"ANO1","node_id_806",10.032500267028809,0.19939999282360077
"TSC2","node_id_807",10.488100051879883,0.1987999975681305
"DAB2","node_id_810",13.203499794006348,0.017500000074505806
"WDR75","node_id_811",9.682100296020508,-0.48100000619888306
"MYO18A","node_id_812",10.684399604797363,-0.020099999383091927
"CX3CR1","node_id_813",8.32610034942627,0.2092999964952469
"FDFT1","node_id_814",10.265000343322754,-0.4758000075817108
"NF1","node_id_815",9.9266996383667,0.33880001306533813
"ZNF519","node_id_818",4.164899826049805,-0.39879998564720154
"ANLN","node_id_821",6.996799945831299,0.4140999913215637
"TBL3","node_id_822",10.233799934387207,-0.4693000018596649
"GNAS","node_id_823",13.873800277709961,-0.4577000141143799
"MYLK","node_id_826",11.225299835205078,0.16279999911785126
"GRM3","node_id_828",4.597499847412109,-0.44749999046325684
"NUP93","node_id_829",9.062899589538574,0.3968999981880188
"PPP2R5D","node_id_832",9.938899993896484,-0.47780001163482666
"FCGRT","node_id_833",12.735400199890137,0.391400009393692
"AP3B1","node_id_836",10.161399841308594,-0.24459999799728394
"TELO2","node_id_838",9.65429973602295,-0.4794999957084656
"TMPRSS6","node_id_842",4.005000114440918,0.21320000290870667
"ACACA","node_id_843",8.31190013885498,0.34299999475479126
"RYR1","node_id_844",4.929900169372559,0.3118000030517578
"GLI3","node_id_851",7.024799823760986,-0.453000009059906
"UTRN","node_id_852",11.238800048828125,-0.029899999499320984
"ZNF467","node_id_855",8.238900184631348,-0.4242999851703644
"BCR","node_id_856",10.445899963378906,-0.11810000240802765
"VAV2","node_id_857",10.329000473022461,-0.012299999594688416
"EVPL","node_id_858",8.250800132751465,-0.10859999805688858
"NFATC3","node_id_861",9.141900062561035,-0.4027999937534332
"COL14A1","node_id_867",9.938799858093262,0.11640000343322754
"COL9A3","node_id_870",4.806000232696533,0.054999999701976776
"HNRNPM","node_id_871",12.058899879455566,-0.25060001015663147
"PLXND1","node_id_878",13.027700424194336,-0.01850000023841858
"NMD3","node_id_879",9.909899711608887,-0.47929999232292175
"PANK4","node_id_880",8.588399887084961,0.364300012588501
"POU2F1","node_id_883",5.016300201416016,-0.44620001316070557
"ZNF274","node_id_885",9.140299797058105,-0.48829999566078186
"AGRN","node_id_887",13.913800239562988,0.07980000227689743
"CD5","node_id_889",6.15500020980835,0.33899998664855957
"AXIN1","node_id_893",9.639599800109863,0.39239999651908875
"PRKAA1","node_id_895",10.646100044250488,-0.4253000020980835
"PPP3CA","node_id_897",9.402099609375,0.1340000033378601
"GRM2","node_id_898",1.8111000061035156,-0.19339999556541443
"ARNT","node_id_899",10.136699676513672,-0.4869999885559082
"IRS1","node_id_901",8.342900276184082,0.21789999306201935
"TLR3","node_id_904",10.118000030517578,-0.4189000129699707
"WASF2","node_id_905",11.834199905395508,-0.45190000534057617
"EXO1","node_id_911",4.164899826049805,0.44679999351501465
"HNRNPA2B1","node_id_915",13.208100318908691,-0.47450000047683716
"CPEB1","node_id_918",0.7024999856948853,-0.43050000071525574
"DEPDC1","node_id_921",4.308800220489502,0.3492000102996826
"TDRD3","node_id_926",8.820300102233887,-0.4681999981403351
"FBXO17","node_id_928",11.583000183105469,-0.21209999918937683
"LNX1","node_id_936",8.9576997756958,-0.3555000126361847
"KCNAB1","node_id_938",6.7667999267578125,0.2922999858856201
"NRG1","node_id_939",6.063199996948242,-0.12099999934434891
"CLTCL1","node_id_943",6.878699779510498,-0.46140000224113464
"TFAP2A","node_id_944",5.224299907684326,0.2879999876022339
"ERBB4","node_id_945",5.890900135040283,-0.45829999446868896
"CCNF","node_id_946",6.204899787902832,0.4745999872684479
"ROR1","node_id_947",4.70550012588501,-0.07190000265836716
"DLC1","node_id_948",10.622699737548828,0.19329999387264252
"ACTN2","node_id_950",0.7024999856948853,-0.4408000111579895
"VCAN","node_id_952",11.055000305175781,0.4374000132083893
"UNC5C","node_id_953",1.8111000061035156,0.24390000104904175
"HDAC9","node_id_955",5.36269998550415,-0.06030000001192093
"TRIO","node_id_957",9.683199882507324,0.27300000190734863
"WASL","node_id_958",10.562399864196777,0.03840000182390213
"AKAP9","node_id_961",10.00100040435791,-0.48910000920295715
"LAMA2","node_id_962",8.17770004272461,-0.304500013589859
"LIMK1","node_id_963",8.812199592590332,-0.41600000858306885
"ELL2","node_id_966",10.42300033569336,0.42489999532699585
"CACNA1D","node_id_967",5.965199947357178,0.0421999990940094
"SNRNP200","node_id_968",12.196100234985352,0.08399999886751175
"FGF23","node_id_970",0.0,0.32330000400543213
"MUC6","node_id_974",2.2520999908447266,-0.17440000176429749
"CSE1L","node_id_978",10.420999526977539,-0.47999998927116394
"SREBF1","node_id_980",11.165499687194824,0.2013999968767166
"GRIA4","node_id_983",9.769700050354004,0.34049999713897705
"C3","node_id_989",12.752400398254395,0.24140000343322754
"CACNB1","node_id_990",6.590199947357178,-0.4909000098705292
"COPS3","node_id_995",9.65429973602295,-0.4259999990463257
"KCNJ12","node_id_997",6.035900115966797,-0.48669999837875366
"AP1B1","node_id_999",11.258199691772461,0.30149999260902405
"IWS1","node_id_1001",9.848400115966797,0.32420000433921814
"HERC4","node_id_1003",9.021699905395508,-0.483599990606308
"ACSS3","node_id_1008",9.007699966430664,-0.23579999804496765
"TRIM29","node_id_1009",5.8125,0.25529998540878296
"HIPK2","node_id_1012",12.517000198364258,-0.04780000075697899
"HSPG2","node_id_1014",14.597999572753906,0.05959999933838844
"AXL","node_id_1016",10.63700008392334,-0.4860999882221222
"FGF18","node_id_1021",2.4305999279022217,0.3880000114440918
"EVC","node_id_1022",10.411399841308594,-0.02590000070631504
"SMAD3","node_id_1025",10.07509994506836,-0.22609999775886536
"SRPK2","node_id_1028",8.503600120544434,-0.41749998927116394
"TFIP11","node_id_1029",9.743800163269043,0.3853999972343445
"HK2","node_id_1031",10.29990005493164,-0.06520000100135803
"MYB","node_id_1032",2.2520999908447266,0.31839999556541443
"CHRNB3","node_id_1034",0.0,0.3682999908924103
"ELAVL1","node_id_1036",10.515600204467773,0.43209999799728394
"NFRKB","node_id_1037",9.005999565124512,0.3928000032901764
"NEUROD1","node_id_1040",0.0,-0.2151000052690506
"DNAH7","node_id_1041",5.295199871063232,-0.2953999936580658
"SERPING1","node_id_1042",13.57759952545166,-0.40070000290870667
"ARID1A","node_id_1044",10.146300315856934,-0.3555999994277954
"KIF17","node_id_1049",6.5030999183654785,-0.48829999566078186
"RFC4","node_id_1050",7.751800060272217,-0.4821999967098236
"MAP3K10","node_id_1051",8.408300399780273,0.3767000138759613
"INTS8","node_id_1052",8.781900405883789,-0.489300012588501
"COL6A2","node_id_1053",13.337499618530273,-0.04989999905228615
"DNAJC2","node_id_1055",8.789600372314453,-0.47380000352859497
"HNRNPL","node_id_1056",11.942500114440918,-0.48840001225471497
"EDNRA","node_id_1059",9.074700355529785,0.21119999885559082
"SHANK1","node_id_1063",2.589400053024292,-0.4528999924659729
"PYGB","node_id_1065",11.409899711608887,0.2721000015735626
"ZNF394","node_id_1067",9.203100204467773,-0.48829999566078186
"NOP2","node_id_1070",8.725099563598633,-0.3862999975681305
"PRDM14","node_id_1073",0.0,-0.48669999837875366
"TGFBI","node_id_1076",10.83180046081543,0.35010001063346863
"CLCN6","node_id_1077",9.377900123596191,-0.3458000123500824
"ZNF12","node_id_1080",9.30679988861084,-0.476500004529953
"PKN2","node_id_1083",9.695300102233887,-0.4918999969959259
"POLR1B","node_id_1090",9.030400276184082,0.42750000953674316
"PDE6B","node_id_1093",8.090499877929688,-0.4571000039577484
"TULP4","node_id_1095",8.812199592590332,0.41589999198913574
"GHR","node_id_1097",9.1274995803833,-0.4366999864578247
"NRG2","node_id_1098",4.480800151824951,0.3903000056743622
"PTPRJ","node_id_1099",9.77180004119873,0.3197999894618988
"TLE3","node_id_1100",10.401800155639648,-0.14710000157356262
"ARHGEF12","node_id_1101",11.985799789428711,-0.24650000035762787
"DNAH6","node_id_1103",5.763400077819824,-0.2703999876976013
"EPHB2","node_id_1104",6.847599983215332,0.2702000141143799
"ELL3","node_id_1107",6.333899974822998,0.43479999899864197
"MX1","node_id_1108",9.992199897766113,-0.08380000293254852
"ZNF304","node_id_1111",8.226900100708008,-0.2395000010728836
"SMC3","node_id_1115",9.712599754333496,-0.475600004196167
"NFATC2","node_id_1116",3.3798000812530518,0.06939999759197235
"HECW2","node_id_1118",9.362799644470215,0.2928999960422516
"DAB2IP","node_id_1119",10.989299774169922,-0.14079999923706055
"RASAL2","node_id_1120",9.450799942016602,0.15279999375343323
"FAF1","node_id_1121",9.600500106811523,-0.47929999232292175
"FAT1","node_id_1125",11.500499725341797,0.27790001034736633
"SMO","node_id_1126",7.914400100708008,-0.4867999851703644
"SYNJ2","node_id_1128",7.474899768829346,0.4514999985694885
"DENND1A","node_id_1129",9.65429973602295,0.3797999918460846
"FBN2","node_id_1130",4.929900169372559,-0.07050000131130219
"HAO1","node_id_1131",0.0,0.2745000123977661
"PIK3R6","node_id_1133",5.3404998779296875,-0.02850000001490116
"E2F8","node_id_1136",4.70550012588501,-0.399399995803833
"DSN1","node_id_1138",8.595399856567383,-0.4837999939918518
"CASC3","node_id_1140",11.051600456237793,-0.26089999079704285
"IL22RA2","node_id_1144",0.0,0.37439998984336853
"NRIP1","node_id_1146",9.792400360107422,-0.2651999890804291
"ZNF419","node_id_1148",7.558899879455566,-0.4846999943256378
"GPR161","node_id_1150",5.92110013961792,-0.4546000063419342
"PIAS2","node_id_1153",7.592100143432617,0.08640000224113464
"TNS3","node_id_1154",12.31350040435791,0.24709999561309814
"INTS1","node_id_1159",11.233599662780762,0.30790001153945923
"LPIN1","node_id_1166",8.38949966430664,0.2206999957561493
"ITGAV","node_id_1174",12.086199760437012,0.23909999430179596
"CHERP","node_id_1175",10.054400444030762,0.29319998621940613
"MAN2B1","node_id_1176",11.094400405883789,-0.22220000624656677
"NUP43","node_id_1180",9.339300155639648,-0.4553000032901764
"IFT172","node_id_1186",9.461099624633789,-0.49239999055862427
"INSR","node_id_1190",13.33329963684082,0.2574000060558319
"ERCC3","node_id_1199",10.184100151062012,-0.47189998626708984
"MAPT","node_id_1200",11.275400161743164,0.13740000128746033
"INPPL1","node_id_1202",11.114100456237793,-0.47920000553131104
"GRIN2C","node_id_1203",3.092099905014038,-0.4742000102996826
"COL9A1","node_id_1208",1.5269999504089355,-0.19580000638961792
"ST6GALNAC1","node_id_1209",1.8111000061035156,0.1776999980211258
"GRM5","node_id_1214",4.439700126647949,0.19779999554157257
"PTK2","node_id_1215",11.071499824523926,0.34790000319480896
"SDC1","node_id_1216",11.537500381469727,0.15710000693798065
"PPP1R13L","node_id_1217",10.281100273132324,-0.31839999556541443
"TSR1","node_id_1219",9.892399787902832,-0.4810999929904938
"CALCRL","node_id_1220",11.15880012512207,-0.3601999878883362
"RB1CC1","node_id_1221",9.684300422668457,-0.47920000553131104
"SPAG5","node_id_1222",9.339300155639648,-0.47450000047683716
"TLN2","node_id_1224",10.53339958190918,0.0997999981045723
"POLD1","node_id_1227",8.712200164794922,0.2913999855518341
"KCNF1","node_id_1228",5.8755998611450195,-0.40779998898506165
"GABRA2","node_id_1231",2.862499952316284,-0.22669999301433563
"RASGRP4","node_id_1234",6.007999897003174,0.42989999055862427
"HTR1E","node_id_1235",0.0,-0.19110000133514404
"PPP4R2","node_id_1240",6.989699840545654,-0.4528999924659729
"MMP25","node_id_1242",6.208899974822998,0.34549999237060547
"PSMD11","node_id_1246",9.475199699401855,-0.4700999855995178
"ERBB2","node_id_1248",11.702699661254883,-0.03449999913573265
"ADRA1A","node_id_1249",1.5269999504089355,0.32330000400543213
"CWC22","node_id_1251",9.642999649047852,-0.43230000138282776
"GATA3","node_id_1255",7.485000133514404,0.0908999964594841
"ZNF549","node_id_1256",7.7434000968933105,-0.47530001401901245
"GRIA2","node_id_1258",2.9818999767303467,-0.3684000074863434
"PAX5","node_id_1261",0.0,0.17499999701976776
"LRP5","node_id_1262",11.260000228881836,-0.28949999809265137
"DNAJC6","node_id_1263",6.823800086975098,0.15620000660419464
"LAMB1","node_id_1270",12.08180046081543,0.20919999480247498
"DUOX1","node_id_1271",3.7597999572753906,0.3384000062942505
"ZNF420","node_id_1272",6.192599773406982,-0.4921000003814697
"SORBS1","node_id_1277",10.153400421142578,0.3276999890804291
"MPO","node_id_1278",2.0483999252319336,0.4699000120162964
"SOCS6","node_id_1281",8.902000427246094,-0.2851000130176544
"PRPF19","node_id_1284",11.043399810791016,-0.45089998841285706
"PMS1","node_id_1285",8.001700401306152,-0.4864000082015991
"FXR1","node_id_1288",10.754300117492676,-0.47510001063346863
"PAG1","node_id_1289",9.203100204467773,-0.20970000326633453
"ATN1","node_id_1290",11.648200035095215,-0.33399999141693115
"NOS3","node_id_1294",9.768699645996094,0.09780000150203705
"OXER1","node_id_1295",7.596799850463867,0.03720000013709068
"PSEN2","node_id_1296",8.468299865722656,0.40470001101493835
"BCL6","node_id_1299",10.08590030670166,0.1071000024676323
"P4HA1","node_id_1300",11.592399597167969,0.14149999618530273
"LAMA3","node_id_1301",6.975299835205078,0.0017000000225380063
"CILP","node_id_1303",3.3798000812530518,-0.1462000012397766
"CLIP1","node_id_1306",10.223999977111816,0.4896000027656555
"POLE","node_id_1311",8.28600025177002,0.2759000062942505
"MAN2A1","node_id_1312",8.12030029296875,-0.0681999996304512
"HVCN1","node_id_1314",8.15250015258789,-0.10540000349283218
"LAMA4","node_id_1318",11.498600006103516,0.20559999346733093
"CD47","node_id_1322",10.008099555969238,0.3393000066280365
"TRAF7","node_id_1323",9.916899681091309,0.4683000147342682
"SYT5","node_id_1324",0.0,-0.48910000920295715
"NLGN1","node_id_1325",7.549300193786621,0.33809998631477356
"RAF1","node_id_1333",10.520500183105469,0.287200003862381
"ZNF461","node_id_1335",6.571300029754639,-0.49149999022483826
"GCKR","node_id_1336",0.0,-0.15039999783039093
"TLL1","node_id_1337",7.219600200653076,-0.4505000114440918
"MTA2","node_id_1344",10.611200332641602,0.2305999994277954
"BCAN","node_id_1345",6.55210018157959,-0.4903999865055084
"TNFRSF8","node_id_1347",4.480800151824951,0.15230000019073486
"POU4F2","node_id_1351",0.0,-0.47099998593330383
"E2F1","node_id_1352",7.33620023727417,0.43160000443458557
"CACNA1C","node_id_1353",8.733599662780762,0.1340000033378601
"NHLRC1","node_id_1358",4.70550012588501,-0.44769999384880066
"PIK3CG","node_id_1361",5.175099849700928,0.17990000545978546
"ZNF443","node_id_1363",6.276700019836426,-0.45570001006126404
"BRIP1","node_id_1366",4.005000114440918,-0.4505000114440918
"ALDH3A1","node_id_1371",3.29010009765625,-0.3788999915122986
"LIMK2","node_id_1373",9.782099723815918,0.16339999437332153
"CBLB","node_id_1377",8.410900115966797,0.3862000107765198
"KHSRP","node_id_1378",10.482999801635742,0.4074999988079071
"KEAP1","node_id_1380",10.733200073242188,-0.4675999879837036
"OPRM1","node_id_1383",0.0,0.424699991941452
"ACTN4","node_id_1384",13.297599792480469,0.4140999913215637
"MUC5B","node_id_1387",2.2520999908447266,0.4681999981403351
"BAZ1B","node_id_1389",10.50059986114502,-0.350600004196167
"KDM5B","node_id_1394",9.433899879455566,-0.36579999327659607
"MAP4K4","node_id_1395",11.597999572753906,0.17020000517368317
"ZFYVE28","node_id_1397",8.634599685668945,0.14219999313354492
"ADNP","node_id_1400",10.603099822998047,-0.47769999504089355
"KDR","node_id_1403",12.798800468444824,0.33489999175071716
"HNRNPU","node_id_1405",12.705300331115723,-0.3862999975681305
"PTPN4","node_id_1407",7.031799793243408,0.36309999227523804
"FGFR4","node_id_1411",10.557600021362305,-0.22609999775886536
"USP7","node_id_1416",10.741700172424316,0.4745999872684479
"CHD9","node_id_1417",9.728699684143066,0.1875
"CLASP1","node_id_1419",10.450400352478027,-0.24619999527931213
"JUN","node_id_1420",12.459199905395508,-0.45320001244544983
"EPS15","node_id_1421",10.194999694824219,0.4140999913215637
"TAOK3","node_id_1424",9.781100273132324,-0.20550000667572021
"TRIM10","node_id_1433",6.847599983215332,-0.006099999882280827
"STXBP1","node_id_1435",10.479900360107422,-0.4722000062465668
"BCL2L11","node_id_1440",9.212300300598145,-0.48500001430511475
"PRDM1","node_id_1443",9.138699531555176,0.20890000462532043
"CHUK","node_id_1448",8.540499687194824,-0.41620001196861267
"NPAS2","node_id_1449",8.92080020904541,0.20489999651908875
"FZD2","node_id_1450",5.6417999267578125,-0.47699999809265137
"BICD2","node_id_1454",9.9975004196167,0.29820001125335693
"PTPN23","node_id_1458",9.871800422668457,0.37610000371932983
"NUP133","node_id_1459",9.519000053405762,-0.10320000350475311
"PADI2","node_id_1460",5.149799823760986,0.4334999918937683
"CPT1A","node_id_1467",11.462499618530273,-0.4659000039100647
"DSCAM","node_id_1472",2.2520999908447266,0.19429999589920044
"CREB5","node_id_1473",8.452899932861328,-0.05849999934434891
"NBEAL2","node_id_1474",9.815600395202637,0.20329999923706055
"ALDOB","node_id_1475",7.8491997718811035,0.10939999669790268
"APC","node_id_1476",9.343500137329102,-0.2273000031709671
"PLK2","node_id_1480",11.478699684143066,0.258899986743927
"ATP8B2","node_id_1482",9.330900192260742,0.09019999951124191
"TCHH","node_id_1486",1.5269999504089355,0.39730000495910645
"KRAS","node_id_1487",9.50790023803711,-0.21299999952316284
"C2","node_id_1494",8.458000183105469,0.23080000281333923
"TYK2","node_id_1499",10.638199806213379,-0.49320000410079956
"CXCR4","node_id_1501",12.412099838256836,0.061799999326467514
"ADRA2B","node_id_1502",7.691800117492676,0.4009999930858612
"CNTN1","node_id_1503",4.262400150299072,-0.2370000034570694
"KIF7","node_id_1504",6.899499893188477,-0.2791999876499176
"POM121","node_id_1508",10.76509952545166,0.35030001401901245
"ADCY8","node_id_1510",3.194499969482422,0.10019999742507935
"ESR1","node_id_1511",6.090000152587891,0.19189999997615814
"COG3","node_id_1516",9.454700469970703,-0.4528999924659729
"KPNB1","node_id_1520",11.346699714660645,-0.4675999879837036
"PLK4","node_id_1521",5.199900150299072,-0.3919000029563904
"PPARA","node_id_1522",9.101300239562988,-0.18060000240802765
"PRKCQ","node_id_1525",6.241199970245361,-0.10499999672174454
"LONP2","node_id_1530",9.479000091552734,-0.44760000705718994
"ZNF770","node_id_1533",9.20359992980957,-0.43790000677108765
"MSH6","node_id_1534",9.611000061035156,-0.4309999942779541
"CNDP2","node_id_1541",14.8774995803833,-0.03359999880194664
"SS18","node_id_1542",10.524800300598145,-0.48399999737739563
"ZMYND8","node_id_1543",9.124199867248535,-0.22930000722408295
"CCNE2","node_id_1547",5.245699882507324,-0.4740000069141388
"SHC4","node_id_1548",3.092099905014038,-0.4235999882221222
"PTHLH","node_id_1550",9.045900344848633,-0.21469999849796295
"KCNQ4","node_id_1552",0.0,0.22450000047683716
"LEPR","node_id_1553",8.46969985961914,-0.24199999868869781
"PTCH1","node_id_1563",7.933000087738037,-0.3296000063419342
"FANCI","node_id_1566",7.733099937438965,-0.4327999949455261
"GH2","node_id_1568",0.0,0.0731000006198883
"SAMHD1","node_id_1571",8.698200225830078,-0.46889999508857727
"NOP14","node_id_1573",9.293100357055664,-0.44760000705718994
"LAMC1","node_id_1574",11.911399841308594,0.39750000834465027
"RAD54L","node_id_1575",4.7733001708984375,-0.492000013589859
"ADAMTS5","node_id_1576",9.494099617004395,0.3165000081062317
"ERCC4","node_id_1577",7.24370002746582,0.26179999113082886
"DDC","node_id_1578",10.39840030670166,-0.3262999951839447
"CPSF6","node_id_1579",10.010700225830078,-0.4311999976634979
"HSP90AB1","node_id_1584",14.32129955291748,-0.23849999904632568
"FBN1","node_id_1585",10.405099868774414,0.10260000079870224
"TAOK1","node_id_1588",5.965199947357178,-0.4519999921321869
"ACTR8","node_id_1589",7.860899925231934,-0.4659999907016754
"PARP1","node_id_1590",10.52970027923584,0.3846000134944916
"DYNC1H1","node_id_1595",12.32409954071045,0.274399995803833
"LRP12","node_id_1603",7.853099822998047,0.2451000064611435
"ZNF606","node_id_1606",7.36870002746582,-0.42080000042915344
"TNR","node_id_1608",0.0,0.009100000374019146
"SPRY1","node_id_1614",11.910400390625,0.0038999998942017555
"ACTG1","node_id_1615",15.54539966583252,-0.12790000438690186
"APOB","node_id_1617",6.542399883270264,0.08179999887943268
"ZNF471","node_id_1618",7.072700023651123,-0.4706999957561493
"POLR3A","node_id_1623",8.235899925231934,-0.4212999939918518
"MAD2L1","node_id_1626",6.60890007019043,-0.4530999958515167
"CSPG4","node_id_1628",12.090299606323242,0.48260000348091125
"PDYN","node_id_1629",0.7024999856948853,-0.25279998779296875
"ZNF544","node_id_1630",8.93529987335205,-0.47350001335144043
"SORT1","node_id_1631",10.481100082397461,-0.32600000500679016
"ADCY1","node_id_1632",7.683000087738037,-0.48010000586509705
"PSMC6","node_id_1637",10.191900253295898,-0.4862000048160553
"HJURP","node_id_1639",5.844399929046631,0.1347000002861023
"STAT5A","node_id_1643",9.657699584960938,-0.10050000250339508
"ERCC5","node_id_1647",10.61870002746582,-0.49129998683929443
"PRCC","node_id_1649",10.256199836730957,-0.48539999127388
"PITX2","node_id_1650",2.0483999252319336,-0.26440000534057617
"MAP3K7","node_id_1653",8.773500442504883,-0.45489999651908875
"GRB7","node_id_1661",8.426799774169922,-0.12939999997615814
"PLCG2","node_id_1665",9.509099960327148,0.2989000082015991
"BAK1","node_id_1669",8.564599990844727,0.2290000021457672
"ST3GAL3","node_id_1675",8.35949993133545,0.17739999294281006
"ECHDC1","node_id_1676",9.968000411987305,-0.460999995470047
"STK11IP","node_id_1692",9.005999565124512,0.3212999999523163
"RAB3GAP1","node_id_1693",10.644399642944336,-0.34860000014305115
"MUC4","node_id_1694",4.634399890899658,0.007600000128149986
"LLGL2","node_id_1695",10.044500350952148,-0.08550000190734863
"PAPOLA","node_id_1698",10.962699890136719,-0.40610000491142273
"LTF","node_id_1699",6.8632001876831055,-0.1234000027179718
"CTCF","node_id_1701",10.001899719238281,-0.4869999885559082
"PTGER2","node_id_1702",5.979599952697754,0.367900013923645
"KCND3","node_id_1703",2.862499952316284,-0.4869000017642975
"ZNF624","node_id_1704",6.167600154876709,-0.4666000008583069
"NOP58","node_id_1708",10.295599937438965,-0.4690999984741211
"FBL","node_id_1709",11.394800186157227,-0.47749999165534973
"ZNF74","node_id_1713",7.549300193786621,-0.49059998989105225
"FERMT2","node_id_1714",10.592000007629395,-0.13510000705718994
"NXF1","node_id_1715",10.527899742126465,-0.4652999937534332
"LRP2","node_id_1717",13.648500442504883,-0.2865999937057495
"EZH1","node_id_1718",10.162199974060059,-0.19089999794960022
"GAD2","node_id_1723",0.0,0.38449999690055847
"TRIM24","node_id_1724",8.486100196838379,0.3521000146865845
"INO80","node_id_1726",9.597000122070312,-0.46959999203681946
"CFTR","node_id_1727",4.2144999504089355,-0.22089999914169312
"PRKCB","node_id_1728",6.6545000076293945,0.45669999718666077
"ELL","node_id_1729",9.3125,-0.4595000147819519
"IL17RD","node_id_1736",8.362299919128418,0.0544000007212162
"FOXA1","node_id_1737",0.0,-0.4530999958515167
"GABRG3","node_id_1738",0.0,-0.43209999799728394
"CHRNA1","node_id_1742",0.0,0.3650999963283539
"SEMA3C","node_id_1744",8.104000091552734,-0.22290000319480896
"LIN54","node_id_1745",8.00879955291748,-0.4717999994754791
"TRAK1","node_id_1746",9.87559986114502,-0.19009999930858612
"ROBO1","node_id_1749",8.97029972076416,-0.4596000015735626
"ATP2A2","node_id_1750",11.696399688720703,0.3012000024318695
"SNAPC1","node_id_1755",8.733599662780762,-0.4733999967575073
"SCCPDH","node_id_1761",9.864999771118164,-0.40619999170303345
"MYF6","node_id_1762",0.0,-0.3109000027179718
"IPCEF1","node_id_1764",7.495100021362305,0.07649999856948853
"ZNF773","node_id_1765",6.93149995803833,-0.47749999165534973
"ARHGEF1","node_id_1770",11.042099952697754,0.23829999566078186
"DNASE2","node_id_1771",10.61870002746582,-0.3991999924182892
"GPI","node_id_1772",13.390700340270996,0.38909998536109924
"LRRFIP1","node_id_1778",11.091500282287598,0.4180999994277954
"FUS","node_id_1779",12.518500328063965,-0.490200012922287
"MX2","node_id_1782",6.599599838256836,0.08950000256299973
"ITGAM","node_id_1783",7.969600200653076,0.3617999851703644
"IL10RB","node_id_1785",10.350099563598633,-0.47780001163482666
"NID2","node_id_1786",9.473899841308594,-0.37470000982284546
"KLK5","node_id_1788",1.5269999504089355,0.41850000619888306
"AGAP2","node_id_1790",5.868899822235107,0.16410000622272491
"KAT2B","node_id_1792",9.026900291442871,-0.444599986076355
"SERPINF1","node_id_1799",9.178299903869629,0.3046000003814697
"SF3B2","node_id_1801",12.065899848937988,-0.4869999885559082
"CAPN2","node_id_1803",12.244099617004395,0.3052000105381012
"PDS5A","node_id_1804",10.645500183105469,-0.47369998693466187
"PTGER3","node_id_1805",10.033100128173828,0.3617999851703644
"ZNF611","node_id_1807",7.853099822998047,-0.2459000051021576
"COL5A3","node_id_1809",9.400799751281738,0.13930000364780426
"ZNF480","node_id_1810",8.02280044555664,-0.45100000500679016
"XAB2","node_id_1814",10.63129997253418,-0.06849999725818634
"SNX9","node_id_1815",10.561200141906738,-0.4672999978065491
"TOX2","node_id_1817",7.691800117492676,-0.4016999900341034
"GRIN2B","node_id_1821",0.0,-0.4611000120639801
"PIP5K1C","node_id_1824",10.503800392150879,0.2134999930858612
"ZIM3","node_id_1827",0.0,0.2897999882698059
"SRGAP2","node_id_1828",10.069999694824219,0.32409998774528503
"KCNJ2","node_id_1829",7.514999866485596,0.3070000112056732
"ZIK1","node_id_1831",6.15500020980835,-0.43299999833106995
"TRAF3IP1","node_id_1832",8.793999671936035,0.24690000712871552
"SERPINA1","node_id_1833",13.231800079345703,0.10010000318288803
"KLK3","node_id_1834",1.1728999614715576,0.3531999886035919
"LPIN2","node_id_1836",9.954400062561035,0.1469999998807907
"DAAM1","node_id_1838",6.95359992980957,-0.26249998807907104
"ACTB","node_id_1839",16.133699417114258,0.17589999735355377
"ACACB","node_id_1846",10.099200248718262,-0.3447999954223633
"ENGASE","node_id_1847",8.808199882507324,0.38580000400543213
"VWF","node_id_1849",15.140600204467773,0.11110000312328339
"GNB3","node_id_1850",3.5439999103546143,0.2856999933719635
"LIG1","node_id_1851",8.972100257873535,-0.47699999809265137
"IL22RA1","node_id_1854",6.975299835205078,0.37369999289512634
"WDR33","node_id_1866",10.753299713134766,-0.08470000326633453
"IFT88","node_id_1874",8.847999572753906,-0.26339998841285706
"PTPRZ1","node_id_1875",5.271900177001953,0.2567000091075897
"NRP1","node_id_1876",12.602299690246582,0.3424000144004822
"PDS5B","node_id_1879",9.170499801635742,0.10320000350475311
"GP5","node_id_1887",2.0483999252319336,-0.14409999549388885
"KCNA1","node_id_1888",0.0,-0.44999998807907104
"SCARA3","node_id_1889",9.014800071716309,-0.46050000190734863
"STAG1","node_id_1890",8.921500205993652,-0.18809999525547028
"ZNF114","node_id_1892",4.5208001136779785,-0.4203999936580658
"DLG2","node_id_1895",5.468699932098389,-0.34470000863075256
"NEK1","node_id_1897",8.050299644470215,-0.4620000123977661
"TNFAIP3","node_id_1898",10.505000114440918,0.4007999897003174
"HPSE","node_id_1900",6.799699783325195,-0.40790000557899475
"EGR1","node_id_1901",13.265600204467773,0.4223000109195709
"HTR5A","node_id_1902",0.0,-0.1906999945640564
"FMNL1","node_id_1904",8.913299560546875,0.35830000042915344
"HEATR1","node_id_1906",8.824299812316895,-0.4702000021934509
"WDR19","node_id_1908",8.758899688720703,-0.10490000247955322
"TLE2","node_id_1910",9.897600173950195,-0.4724000096321106
"ARAP2","node_id_1914",7.872499942779541,-0.3328999876976013
"ZNF200","node_id_1916",7.45959997177124,-0.4912000000476837
"SF3B3","node_id_1921",11.118599891662598,-0.44690001010894775
"ATP8B4","node_id_1924",6.299799919128418,0.19280000030994415
"RALBP1","node_id_1925",10.541899681091309,0.21799999475479126
"SPTBN2","node_id_1928",8.046899795532227,0.23569999635219574
"MAML3","node_id_1932",8.600099563598633,0.025100000202655792
"KIR2DL4","node_id_1934",2.7323999404907227,0.33730000257492065
"TRAF3","node_id_1935",6.68120002746582,0.44040000438690186
"SPTAN1","node_id_1936",12.495400428771973,0.37369999289512634
"HSPA2","node_id_1938",7.505099773406982,0.20020000636577606
"HS3ST2","node_id_1942",4.597499847412109,0.41940000653266907
"INTS5","node_id_1943",9.522700309753418,-0.3889000117778778
"FLT1","node_id_1944",13.81470012664795,0.16269999742507935
"HRNR","node_id_1945",2.2520999908447266,0.353300005197525
"PHC2","node_id_1948",12.054800033569336,0.18790000677108765
"TLE1","node_id_1953",9.399499893188477,-0.39879998564720154
"DNM1","node_id_1958",9.303899765014648,-0.13809999823570251
"CTR9","node_id_1964",9.902400016784668,-0.45980000495910645
"SEC14L1","node_id_1966",12.541799545288086,0.2410999983549118
"CHL1","node_id_1969",6.989699840545654,-0.43950000405311584
"HIST1H1C","node_id_1970",10.38759994506836,-0.47290000319480896
"GALNT7","node_id_1971",7.776800155639648,0.4260999858379364
"DLG1","node_id_1975",9.880499839782715,-0.2483000010251999
"MTOR","node_id_1978",9.568699836730957,0.40709999203681946
"KCNG4","node_id_1981",0.0,0.29809999465942383
"ATR","node_id_1982",8.155599594116211,0.41659998893737793
"UBQLN4","node_id_1986",9.452099800109863,0.3962000012397766
"PTPRU","node_id_1987",10.056500434875488,-0.39980000257492065
"SERPINA5","node_id_1989",6.63640022277832,0.3978999853134155
"LDLR","node_id_1990",6.7332000732421875,-0.38690000772476196
"ABCB4","node_id_1991",7.319300174713135,-0.4553999900817871
"BMP1","node_id_1993",10.051400184631348,0.42910000681877136
"SEMA3A","node_id_1994",3.3798000812530518,0.30309998989105225
"ADAM12","node_id_1995",5.567399978637695,0.4228000044822693
"IPO8","node_id_1996",10.228500366210938,-0.44279998540878296
"RPS6KB2","node_id_2002",9.923999786376953,-0.4894999861717224
"AFF4","node_id_2003",11.050299644470215,0.030300000682473183
"TIAM2","node_id_2004",4.951399803161621,0.41999998688697815
"DCAF5","node_id_2005",10.032500267028809,-0.4821000099182129
"CDC14A","node_id_2007",7.6153998374938965,0.16580000519752502
"ZNF678","node_id_2010",3.8250999450683594,0.38769999146461487
"RBM28","node_id_2012",8.001700401306152,0.41819998621940613
"CIITA","node_id_2013",8.650500297546387,-0.1915999948978424
"SYNCRIP","node_id_2014",11.268099784851074,-0.34040001034736633
"ROR2","node_id_2015",5.199900150299072,-0.01600000075995922
"OTUD7B","node_id_2022",9.122599601745605,-0.39340001344680786
"ARSB","node_id_2023",10.3774995803833,-0.1371999979019165
"MCPH1","node_id_2028",8.39109992980957,-0.31630000472068787
"NPY2R","node_id_2033",0.0,0.42879998683929443
"REST","node_id_2034",6.571300029754639,-0.3732999861240387
"DNAH2","node_id_2040",2.2520999908447266,-0.1264999955892563
"PPARGC1B","node_id_2041",3.3798000812530518,-0.44999998807907104
"PPP1R3A","node_id_2043",0.0,0.3549000024795532
"MYH4","node_id_2044",0.0,0.21459999680519104
"CASP8","node_id_2052",9.266200065612793,0.29919999837875366
"RXFP3","node_id_2057",0.7024999856948853,-0.4902999997138977
"CSF1R","node_id_2058",10.684000015258789,0.22269999980926514
"KALRN","node_id_2061",8.9576997756958,0.41110000014305115
"CYFIP2","node_id_2062",11.792900085449219,-0.16429999470710754
"CHRM1","node_id_2064",2.589400053024292,0.2985999882221222
"IRF6","node_id_2070",7.207399845123291,0.0007999999797903001
"CLUAP1","node_id_2073",8.941499710083008,-0.45509999990463257
"TOPBP1","node_id_2074",8.19629955291748,-0.4788999855518341
"UBE4B","node_id_2076",10.005499839782715,-0.4693000018596649
"SEMA4G","node_id_2079",8.875399589538574,-0.16920000314712524
"KCNA3","node_id_2081",3.29010009765625,0.23829999566078186
"VCL","node_id_2082",10.6427001953125,0.40369999408721924
"PAK4","node_id_2085",10.402400016784668,-0.4399000108242035
"PTBP1","node_id_2086",12.08080005645752,0.4438999891281128
"GALNT3","node_id_2087",6.750100135803223,-0.4535999894142151
"PHKB","node_id_2088",10.291999816894531,-0.4287000000476837
"SOS1","node_id_2089",10.130200386047363,0.21639999747276306
"ZNF254","node_id_2090",7.494900226593018,-0.1867000013589859
"XYLT1","node_id_2092",7.709199905395508,-0.40689998865127563
"F2R","node_id_2096",11.000300407409668,0.13439999520778656
"TEC","node_id_2100",5.508999824523926,-0.24549999833106995
"NIPBL","node_id_2103",10.138299942016602,-0.3725999891757965
"NTRK2","node_id_2104",8.915200233459473,-0.46889999508857727
"CECR2","node_id_2105",3.29010009765625,0.11559999734163284
"GALNT13","node_id_2108",2.7323999404907227,-0.29319998621940613
"NCOA2","node_id_2109",7.188899993896484,-0.43479999899864197
"MYO10","node_id_2111",10.338899612426758,0.054499998688697815
"ZNF324B","node_id_2120",6.60890007019043,0.23829999566078186
"KLC1","node_id_2121",10.377900123596191,0.2849999964237213
"NAA25","node_id_2132",8.183899879455566,-0.476500004529953
"RPS6KA1","node_id_2134",9.98859977722168,0.1890999972820282
"GPC2","node_id_2136",3.092099905014038,-0.4731000065803528
"XPOT","node_id_2137",10.676799774169922,-0.48159998655319214
"TGM5","node_id_2141",0.7024999856948853,0.4043999910354614
"HIST1H3B","node_id_2146",0.0,-0.46950000524520874
"CALD1","node_id_2147",12.898799896240234,0.37869998812675476
"ITGA6","node_id_2148",12.223999977111816,-0.40549999475479126
"DOCK3","node_id_2153",3.092099905014038,0.3725000023841858
"DOCK2","node_id_2164",8.253800392150879,0.33899998664855957
"DIAPH1","node_id_2166",12.27750015258789,-0.4740000069141388
"TCF3","node_id_2170",9.989500045776367,0.3953999876976013
"GABRA4","node_id_2174",0.7024999856948853,-0.1160999983549118
"DSP","node_id_2180",9.07979965209961,0.11630000174045563
"FLII","node_id_2181",11.449299812316895,-0.45010000467300415
"CHGB","node_id_2182",4.353799819946289,-0.47119998931884766
"RECQL4","node_id_2188",6.367199897766113,0.3206999897956848
"MAML1","node_id_2192",9.920000076293945,-0.2775000035762787
"MYBL2","node_id_2195",5.5482001304626465,-0.48820000886917114
"ENAM","node_id_2199",6.116300106048584,0.3515999913215637
"JAK3","node_id_2202",8.364999771118164,-0.08079999685287476
"ZNF786","node_id_2205",6.513000011444092,0.364300012588501
"E4F1","node_id_2211",8.952199935913086,-0.4636000096797943
"ZNF716","node_id_2214",0.0,0.34360000491142273
"MDM2","node_id_2215",10.703700065612793,-0.3765000104904175
"OLFM4","node_id_2216",1.1728999614715576,0.0625
"MINPP1","node_id_2217",8.973899841308594,-0.40059998631477356
"CPT2","node_id_2219",9.77079963684082,-0.19200000166893005
"GAB2","node_id_2221",9.620200157165527,0.019700000062584877
"SUOX","node_id_2225",9.101300239562988,-0.4675999879837036
"BUB1","node_id_2234",5.271900177001953,-0.14800000190734863
"CDC25C","node_id_2237",3.8875999450683594,0.42809998989105225
"CAMK2A","node_id_2243",1.8111000061035156,0.09369999915361404
"ZNF638","node_id_2247",11.251099586486816,-0.459199994802475
"GRXCR1","node_id_2252",0.0,0.37459999322891235
"ACO1","node_id_2254",10.213399887084961,-0.4876999855041504
"ANK2","node_id_2255",8.465700149536133,0.29580000042915344
"PLCD4","node_id_2256",6.707399845123291,-0.34130001068115234
"NUP214","node_id_2257",10.350700378417969,-0.46720001101493835
"KIF2A","node_id_2258",7.519999980926514,0.011599999852478504
"STXBP5","node_id_2262",6.959199905395508,0.2321999967098236
"DNTTIP2","node_id_2265",10.354100227355957,-0.2921999990940094
"NPLOC4","node_id_2268",10.967700004577637,-0.027000000700354576
"GRN","node_id_2270",13.301600456237793,0.2363000065088272
"PLCG1","node_id_2271",10.97130012512207,-0.27250000834465027
"EPB41L5","node_id_2275",9.137100219726562,-0.48240000009536743
"TTC21B","node_id_2276",9.504300117492676,-0.0027000000700354576
"SLC25A13","node_id_2277",9.089799880981445,0.4074999988079071
"LIG3","node_id_2278",8.142900466918945,-0.4925000071525574
"NRG3","node_id_2279",6.167600154876709,-0.3804999887943268
"DDX42","node_id_2281",11.095600128173828,0.15780000388622284
"TRPC4AP","node_id_2283",10.969099998474121,0.3057999908924103
"EPB41L1","node_id_2284",11.677499771118164,-0.47609999775886536
"PRMT7","node_id_2292",9.093099594116211,-0.49000000953674316
"RPN1","node_id_2293",12.169699668884277,-0.48559999465942383
"TACC3","node_id_2302",8.450300216674805,0.2953999936580658
"DSG4","node_id_2305",0.0,0.36390000581741333
"MAP3K11","node_id_2309",11.8149995803833,0.02019999921321869
"ZNF496","node_id_2313",8.229900360107422,0.392300009727478
"DNAJC3","node_id_2314",11.057499885559082,-0.44179999828338623
"NPHS1","node_id_2316",4.559700012207031,-0.41290000081062317
"ADCY7","node_id_2317",8.424200057983398,0.15160000324249268
"WWC1","node_id_2318",10.667900085449219,-0.17159999907016754
"MLH3","node_id_2320",8.424200057983398,-0.46799999475479126
"PITPNM1","node_id_2321",10.143899917602539,-0.44850000739097595
"SLC12A3","node_id_2322",8.777600288391113,0.426800012588501
"GOLIM4","node_id_2325",9.613300323486328,-0.46939998865127563
"SMARCAL1","node_id_2331",9.3641996383667,-0.46070000529289246
"LILRA4","node_id_2333",2.862499952316284,0.3199000060558319
"PPP2R5B","node_id_2334",9.246999740600586,-0.4551999866962433
"VCP","node_id_2337",12.29800033569336,-0.42289999127388
"TXNDC5","node_id_2338",12.221199989318848,0.41999998688697815
"ZNF71","node_id_2343",7.638299942016602,-0.3693000078201294
"POLA2","node_id_2345",7.474899768829346,0.1704999953508377
"AOX1","node_id_2346",10.371999740600586,-0.3458000123500824
"MFAP1","node_id_2348",9.50409984588623,-0.46369999647140503
"RRP12","node_id_2350",9.02869987487793,-0.4147000014781952
"LLGL1","node_id_2351",9.096400260925293,0.3799000084400177
"TRPM2","node_id_2352",7.341800212860107,0.1500999927520752
"TKTL2","node_id_2353",0.0,0.11869999766349792
"IDH1","node_id_2356",10.088399887084961,-0.48590001463890076
"RRM1","node_id_2360",9.687600135803223,-0.4674000144004822
"MCM10","node_id_2363",4.113500118255615,-0.47920000553131104
"SNRPN","node_id_2365",11.853899955749512,-0.13650000095367432
"CNTN2","node_id_2367",0.7024999856948853,0.2468000054359436
"PTPN13","node_id_2368",9.305299758911133,-0.04859999939799309
"ADCY5","node_id_2371",8.836199760437012,-0.382999986410141
"STIM1","node_id_2372",10.170000076293945,-0.016599999740719795
"COL5A2","node_id_2373",10.503800392150879,0.34130001068115234
"SSRP1","node_id_2375",11.535599708557129,-0.490200012922287
"AP2A2","node_id_2380",11.347700119018555,0.10289999842643738
"MC3R","node_id_2381",0.0,-0.4641000032424927
"FAF2","node_id_2392",10.848099708557129,-0.44279998540878296
"SPOPL","node_id_2393",9.543499946594238,-0.4821999967098236
"NOTCH3","node_id_2396",12.444499969482422,0.42309999465942383
"TEK","node_id_2397",9.808600425720215,0.26980000734329224
"APP","node_id_2398",14.822600364685059,0.193900004029274
"TRPC1","node_id_2401",7.872499942779541,-0.4726000130176544
"EVC2","node_id_2403",7.138400077819824,-0.4855000078678131
"COL2A1","node_id_2404",0.0,0.3474999964237213
"FASN","node_id_2405",9.206199645996094,0.2515000104904175
"ZNF324","node_id_2407",7.324900150299072,-0.21799999475479126
"CCR1","node_id_2411",7.105899810791016,0.2222999930381775
"SORBS3","node_id_2413",11.883899688720703,0.22460000216960907
"TNPO1","node_id_2421",10.724100112915039,-0.4733999967575073
"NRF1","node_id_2422",8.607000350952148,-0.47029998898506165
"IL5RA","node_id_2425",0.0,0.19470000267028809
"PROC","node_id_2427",8.090700149536133,0.22750000655651093
"SKA1","node_id_2428",4.262400150299072,-0.48539999127388
"MAP3K1","node_id_2429",9.509099960327148,-0.33959999680519104
"BLM","node_id_2430",4.353799819946289,0.4047999978065491
"GPR84","node_id_2432",1.8111000061035156,0.2264000028371811
"ZNF266","node_id_2434",9.056099891662598,-0.46070000529289246
"ZNF585A","node_id_2436",6.5808000564575195,-0.4821000099182129
"DSG1","node_id_2438",0.7024999856948853,0.35910001397132874
"STAT3","node_id_2439",11.696399688720703,0.3700000047683716
"KCND2","node_id_2440",2.7323999404907227,-0.4453999996185303
"HNRNPUL1","node_id_2441",12.017999649047852,-0.45159998536109924
"TFR2","node_id_2442",2.862499952316284,-0.45190000534057617
"TRIM28","node_id_2443",12.101699829101562,-0.4352000057697296
"HNF1A","node_id_2446",10.102499961853027,-0.07720000296831131
"CSGALNACT2","node_id_2451",9.11769962310791,-0.4814999997615814
"DNAH1","node_id_2452",6.946300029754639,0.3190000057220459
"NFE2L2","node_id_2459",11.595600128173828,-0.446399986743927
"ACOX3","node_id_2461",8.515999794006348,0.40849998593330383
"RHOA","node_id_2467",13.252400398254395,-0.38929998874664307
"LIFR","node_id_2472",10.914299964904785,-0.03240000084042549
"SSH3","node_id_2477",9.57349967956543,-0.060499999672174454
"CYTH4","node_id_2478",8.465700149536133,-0.06480000168085098
"TNRC6B","node_id_2481",8.944899559020996,0.24690000712871552
"PIK3R5","node_id_2491",7.428400039672852,0.20589999854564667
"NOS2","node_id_2495",6.839700222015381,-0.07940000295639038
"TANC1","node_id_2496",9.812600135803223,0.14309999346733093
"PHF12","node_id_2502",9.402099609375,0.2475000023841858
"PROS1","node_id_2503",10.534000396728516,-0.4593999981880188
"HDAC11","node_id_2505",9.735099792480469,0.09220000356435776
"SART1","node_id_2510",10.662400245666504,-0.44290000200271606
"NFASC","node_id_2511",9.005399703979492,0.38920000195503235
"VAV3","node_id_2514",11.014399528503418,-0.058800000697374344
"SEC13","node_id_2524",10.284000396728516,0.3901999890804291
"AXIN2","node_id_2526",6.167600154876709,0.34389999508857727
"PIK3CD","node_id_2527",8.800100326538086,0.3928000032901764
"CHSY1","node_id_2530",10.813799858093262,0.29840001463890076
"ZNF687","node_id_2531",9.146900177001953,-0.40450000762939453
"CD86","node_id_2532",7.554100036621094,0.36500000953674316
"REL","node_id_2536",4.353799819946289,-0.4221999943256378
"NTRK1","node_id_2538",2.2520999908447266,0.10270000249147415
"SCN4A","node_id_2539",8.104000091552734,0.1518000066280365
"SPOP","node_id_2545",10.042799949645996,-0.3953000009059906
"CTNNBL1","node_id_2547",10.610099792480469,-0.4715999960899353
"SELP","node_id_2553",5.488999843597412,0.1274999976158142
"EGFR","node_id_2556",12.274499893188477,-0.02019999921321869
"TMEM63A","node_id_2557",10.09589958190918,-0.07209999859333038
"ITSN1","node_id_2562",8.710000038146973,-0.4650000035762787
"PRKCD","node_id_2563",9.168899536132812,0.16439999639987946
"PARVA","node_id_2564",10.136699676513672,0.3774000108242035
"USO1","node_id_2565",10.660699844360352,-0.4690999984741211
"CLEC10A","node_id_2567",6.627299785614014,0.13210000097751617
"MGAM","node_id_2569",9.746700286865234,0.0024999999441206455
"CD19","node_id_2570",1.5269999504089355,0.052000001072883606
"SEMA4F","node_id_2571",8.253800392150879,-0.48510000109672546
"FZD1","node_id_2572",11.661100387573242,-0.04170000180602074
"MAN2A2","node_id_2574",10.264300346374512,-0.44850000739097595
"GRIN2D","node_id_2577",5.071199893951416,0.13189999759197235
"EPHA1","node_id_2578",5.763400077819824,-0.14800000190734863
"SMARCA2","node_id_2579",10.914299964904785,-0.39419999718666077
"GJA1","node_id_2585",11.756799697875977,0.049400001764297485
"CDC5L","node_id_2590",9.468799591064453,-0.3041999936103821
"MMP14","node_id_2596",12.35569953918457,0.40849998593330383
"ACTN3","node_id_2600",1.1728999614715576,0.20810000598430634
"ADAR","node_id_2606",12.160799980163574,-0.34619998931884766
"ERCC2","node_id_2607",8.986300468444824,-0.4713999927043915
"DPYSL5","node_id_2609",0.7024999856948853,-0.48899999260902405
"NASP","node_id_2613",10.68340015411377,-0.48500001430511475
"KIR3DL2","node_id_2618",3.8875999450683594,0.47850000858306885
"SPI1","node_id_2621",9.099699974060059,0.40849998593330383
"PSMD1","node_id_2623",10.41510009765625,0.39469999074935913
"ITK","node_id_2624",5.78000020980835,0.2280000001192093
"ADCYAP1R1","node_id_2626",0.0,-0.460099995136261
"CDK7","node_id_2627",8.959500312805176,-0.4726000130176544
"MADD","node_id_2628",10.05049991607666,-0.4401000142097473
"NPBWR1","node_id_2630",0.0,-0.45339998602867126
"CHD1L","node_id_2632",9.021699905395508,-0.3799999952316284
"NUP210","node_id_2633",8.400300025939941,0.21930000185966492
"CPSF1","node_id_2634",10.299200057983398,0.3379000127315521
"GIGYF1","node_id_2635",10.513099670410156,0.415800005197525
"DYNC2H1","node_id_2640",8.486100196838379,0.20600000023841858
"DOCK4","node_id_2641",9.362799644470215,0.20909999310970306
"LAMA5","node_id_2644",12.807600021362305,-0.34450000524520874
"UNC13D","node_id_2647",7.401899814605713,-0.3167000114917755
"PTPRO","node_id_2650",6.5808000564575195,-0.4715999960899353
"ATF2","node_id_2651",8.426799774169922,-0.4341000020503998
"NCF2","node_id_2658",7.596799850463867,0.02329999953508377
"LYN","node_id_2660",9.36970043182373,0.38199999928474426
"PRKD1","node_id_2664",9.040800094604492,0.07280000299215317
"FGG","node_id_2667",1.8111000061035156,0.3197000026702881
"PLEKHG2","node_id_2668",10.114800453186035,0.1565999984741211
"C7","node_id_2682",11.853400230407715,0.008100000210106373
"F13A1","node_id_2693",8.643699645996094,0.2985000014305115
"HSPH1","node_id_2694",9.279399871826172,0.4081999957561493
"OXSM","node_id_2695",7.44920015335083,-0.44850000739097595
"BCL9L","node_id_2696",10.235300064086914,0.08349999785423279
"LAMB2","node_id_2697",13.532600402832031,-0.40130001306533813
"SAP130","node_id_2702",9.219900131225586,-0.4765999913215637
"TRIM3","node_id_2707",8.077400207519531,-0.4375999867916107
"PFKM","node_id_2708",10.39840030670166,0.42480000853538513
"IVD","node_id_2709",10.815400123596191,-0.4603999853134155
"ENPP1","node_id_2711",6.68120002746582,0.4284000098705292
"GALNTL5","node_id_2714",0.0,0.20010000467300415
"NAT10","node_id_2717",9.866900444030762,-0.46630001068115234
"GPR37","node_id_2719",4.164899826049805,-0.47620001435279846
"TCEA1","node_id_2726",10.534000396728516,-0.46389999985694885
"TSHR","node_id_2730",5.36269998550415,-0.06840000301599503
"MBTPS1","node_id_2752",11.443400382995605,-0.4339999854564667
"ADCY3","node_id_2754",10.190799713134766,0.3628000020980835
"TPTE2","node_id_2758",1.8111000061035156,0.39989998936653137
"HSPA5","node_id_2759",13.947699546813965,-0.48559999465942383
"CDKN1B","node_id_2766",10.598999977111816,-0.3443000018596649
"CPD","node_id_2767",10.518600463867188,0.0066999997943639755
"DCTN1","node_id_2769",12.689499855041504,-0.43959999084472656
"COL5A1","node_id_2770",11.034799575805664,0.1881999969482422
"ACLY","node_id_2774",12.795900344848633,0.31859999895095825
"TRPC4","node_id_2777",5.8125,-0.12319999933242798
"SERPINC1","node_id_2782",2.2520999908447266,0.060600001364946365
"ARHGEF17","node_id_2787",11.822199821472168,0.31060001254081726
"TG","node_id_2789",3.464200019836426,0.3425000011920929
"SPRED1","node_id_2790",10.385600090026855,0.10909999907016754
"CAMK4","node_id_2794",4.060200214385986,-0.48559999465942383
"DDX46","node_id_2796",9.814599990844727,-0.4503999948501587
"AGL","node_id_2800",8.253800392150879,-0.2793000042438507
"SCN10A","node_id_2802",0.0,-0.023399999365210533
"IRAK2","node_id_2803",7.2316999435424805,-0.4657000005245209
"RAB3GAP2","node_id_2807",9.196999549865723,-0.4465999901294708
"DNAH3","node_id_2810",0.7024999856948853,0.4237000048160553
"GEMIN4","node_id_2813",8.508600234985352,-0.4641000032424927
"CDC6","node_id_2816",6.129300117492676,-0.4772000014781952
"NOTCH2","node_id_2821",10.535200119018555,0.37940001487731934
"ARHGAP29","node_id_2822",11.467000007629395,0.21739999949932098
"NTHL1","node_id_2826",8.777600288391113,-0.48829999566078186
"RPP40","node_id_2827",5.6417999267578125,-0.4765999913215637
"PRPF3","node_id_2830",9.632800102233887,-0.47780001163482666
"EPC1","node_id_2831",8.297599792480469,0.11379999667406082
"POLR2A","node_id_2836",11.718600273132324,-0.28110000491142273
"BAZ1A","node_id_2841",8.76930046081543,-0.4465000033378601
"ATP1A1","node_id_2842",13.26099967956543,0.04410000145435333
"PSMD3","node_id_2844",11.068900108337402,-0.48579999804496765
"ACOT4","node_id_2845",6.95359992980957,-0.46380001306533813
"C5","node_id_2848",5.695199966430664,0.40959998965263367
"STAM2","node_id_2849",9.56029987335205,-0.4796000123023987
"PKP2","node_id_2853",7.563700199127197,0.22419999539852142
"CCNA2","node_id_2854",6.343200206756592,0.37380000948905945
"IL15","node_id_2855",7.837399959564209,-0.46790000796318054
"ARHGAP12","node_id_2857",8.800100326538086,-0.25369998812675476
"SUPT6H","node_id_2858",11.426799774169922,0.2678000032901764
"EPHB4","node_id_2865",11.06089973449707,0.07689999788999557
"MERTK","node_id_2866",8.892499923706055,-0.45570001006126404
"CSNK2A1","node_id_2867",10.135000228881836,-0.45080000162124634
"BRCA1","node_id_2877",6.44189977645874,0.47429999709129333
"XRCC1","node_id_2879",9.962599754333496,-0.4864000082015991
"TCERG1","node_id_2880",9.168899536132812,0.39500001072883606
"GALNT10","node_id_2883",9.050999641418457,0.33640000224113464
"ITGAX","node_id_2886",8.084099769592285,-0.3273000121116638
"EZH2","node_id_2890",6.783299922943115,0.17020000517368317
"FN1","node_id_2892",14.447099685668945,0.271699994802475
"CLIP2","node_id_2896",10.249500274658203,-0.19359999895095825
"GBE1","node_id_2897",9.277899742126465,0.1868000030517578
"ZNF317","node_id_2904",8.961299896240234,0.41780000925064087
"EPHB1","node_id_2906",4.634399890899658,0.23880000412464142
"CRMP1","node_id_2911",8.430899620056152,0.322299987077713
"RFC1","node_id_2914",10.069199562072754,-0.47510001063346863
"COL3A1","node_id_2920",14.366900444030762,0.303600013256073
"CASR","node_id_2922",6.452300071716309,-0.3327000141143799
"NEK9","node_id_2923",10.25100040435791,-0.4837000072002411
"F5","node_id_2924",6.878699779510498,-0.47429999709129333
"MARK2","node_id_2925",9.746700286865234,-0.3709000051021576
"STAT5B","node_id_2926",11.086899757385254,-0.14000000059604645
"DECR1","node_id_2930",10.649499893188477,-0.48989999294281006
"ITSN2","node_id_2934",10.324799537658691,0.1881999969482422
"DYNC2LI1","node_id_2938",9.843500137329102,-0.47530001401901245
"MAP3K8","node_id_2939",7.396500110626221,-0.1979999989271164
"SP100","node_id_2943",10.694999694824219,-0.47699999809265137
"GPR39","node_id_2946",7.405399799346924,0.34220001101493835
"NCAN","node_id_2950",3.29010009765625,-0.4706000089645386
"NEO1","node_id_2951",10.954099655151367,0.02810000069439411
"GPATCH1","node_id_2953",7.876399993896484,-0.48669999837875366
"HMGXB4","node_id_2954",8.410900115966797,-0.4894999861717224
"ACIN1","node_id_2955",11.18809986114502,-0.47130000591278076
"AP2A1","node_id_2960",10.979700088500977,0.289900004863739
"ANO6","node_id_2961",11.072699546813965,0.43619999289512634
"DOK1","node_id_2962",9.121000289916992,0.2671000063419342
"SPAG9","node_id_2963",11.400500297546387,0.12880000472068787
"FUCA2","node_id_2970",10.944000244140625,-0.4772999882698059
"TNS1","node_id_2971",13.975899696350098,-0.1453000009059906
"SIPA1L1","node_id_2972",10.194999694824219,0.42340001463890076
"GRB14","node_id_2973",7.2789998054504395,0.31380000710487366
"MDM4","node_id_2976",9.042499542236328,-0.4787999987602234
"HSPA4","node_id_2977",10.494999885559082,0.2856999933719635
"SNAP25","node_id_2981",8.262700080871582,-0.4830999970436096
"ISLR","node_id_2984",9.0024995803833,0.2662999927997589
"CARM1","node_id_2985",9.682100296020508,0.43689998984336853
"TP53","node_id_2990",9.674400329589844,0.3093000054359436
"FHL5","node_id_2991",7.558899879455566,-0.41530001163482666
"AQR","node_id_2994",8.988300323486328,-0.48010000586509705
"CHI3L1","node_id_2997",4.005000114440918,0.15000000596046448
"DAPK1","node_id_3003",10.570099830627441,-0.28369998931884766
"ITPR1","node_id_3006",9.137100219726562,-0.010900000110268593
"TNS4","node_id_3009",1.5269999504089355,0.3034999966621399
"NCAM1","node_id_3016",6.480999946594238,0.38580000400543213
"MAG","node_id_3017",2.0483999252319336,0.4146000146865845
"PMS2","node_id_3022",9.884300231933594,0.31700000166893005
"MEF2C","node_id_3024",10.755900382995605,0.2689000070095062
"AGK","node_id_3026",8.710000038146973,-0.45899999141693115
"AP1G1","node_id_3030",10.864700317382812,-0.3407999873161316
"PRICKLE2","node_id_3031",8.496100425720215,-0.3587000072002411
"C5AR1","node_id_3034",7.973199844360352,-0.3337000012397766
"APOA5","node_id_3038",0.0,-0.04179999977350235
"GALNT11","node_id_3039",11.79800033569336,0.22789999842643738
"MSH4","node_id_3040",1.1728999614715576,0.2978000044822693
"PYGM","node_id_3041",7.112500190734863,0.24500000476837158
"PRPF8","node_id_3043",12.080300331115723,-0.4341999888420105
"PIH1D1","node_id_3047",10.318400382995605,-0.48100000619888306
"NPFFR2","node_id_3049",2.0483999252319336,0.33880001306533813
"PSMD12","node_id_3051",9.176799774169922,-0.4219000041484833
"IL2RB","node_id_3067",8.02280044555664,0.4415999948978424
"PLCB2","node_id_3068",8.765199661254883,0.43560001254081726
"GOLGA5","node_id_3076",9.68649959564209,-0.4851999878883362
"ACOX2","node_id_3078",7.592100143432617,-0.24779999256134033
"NEUROG3","node_id_3080",0.0,-0.48820000886917114
"HTR1A","node_id_3081",1.5269999504089355,-0.43799999356269836
"TXNRD1","node_id_3082",10.29699993133545,-0.47870001196861267
"SYT9","node_id_3083",7.925600051879883,-0.4235999882221222
"GRHL1","node_id_3085",5.605100154876709,0.35740000009536743
"SH3BP5","node_id_3088",11.239500045776367,-0.20550000667572021
"TOM1","node_id_3091",11.026599884033203,-0.4900999963283539
"ABL2","node_id_3100",9.56029987335205,0.27149999141693115
"BCL9","node_id_3101",8.328900337219238,-0.43560001254081726
"FPR2","node_id_3104",4.39739990234375,0.029899999499320984
"SH2D2A","node_id_3107",5.271900177001953,0.1298999935388565
"ZBTB32","node_id_3108",2.4305999279022217,0.13830000162124634
"UBC","node_id_3110",15.763899803161621,-0.4702000021934509
"BRD4","node_id_3112",10.15820026397705,0.313400000333786
"CD36","node_id_3113",11.708399772644043,0.3107999861240387
"AP4E1","node_id_3115",7.601399898529053,0.4154999852180481
"PPP2R1A","node_id_3117",12.912400245666504,-0.4869999885559082
"LILRB1","node_id_3118",7.687399864196777,0.16359999775886536
"STAMBP","node_id_3127",9.79539966583252,0.3151000142097473
"CREB3L1","node_id_3131",7.3078999519348145,0.3370000123977661
"UNC5B","node_id_3136",11.739899635314941,0.10270000249147415
"MUC16","node_id_3142",0.0,0.322299987077713
"JAK2","node_id_3147",8.136500358581543,0.4244000017642975
"XPO7","node_id_3150",10.333999633789062,-0.07890000194311142
"H2AFY2","node_id_3153",7.131999969482422,-0.4690999984741211
"PIK3R2","node_id_3157",10.276700019836426,-0.4779999852180481
"SMARCA4","node_id_3159",11.134400367736816,0.37459999322891235
"WNK4","node_id_3160",6.329500198364258,-0.41350001096725464
"IFI35","node_id_3163",10.139100074768066,-0.4625000059604645
"ZNF592","node_id_3165",10.121299743652344,0.1988999992609024
"CSTF3","node_id_3167",8.919699668884277,-0.4749999940395355
"OPTN","node_id_3168",11.930500030517578,0.09679999947547913
"CHSY3","node_id_3169",5.677599906921387,0.4169999957084656
"STT3B","node_id_3175",9.333700180053711,-0.4722999930381775
"CD1B","node_id_3180",0.7024999856948853,0.35850000381469727
"FCAR","node_id_3181",1.8111000061035156,0.3001999855041504
"HIST1H3G","node_id_3183",1.1728999614715576,-0.4634999930858612
"GBP4","node_id_3184",11.543800354003906,-0.39480000734329224
"ITGA1","node_id_3187",10.627799987792969,0.33390000462532043
"KCNH3","node_id_3199",4.262400150299072,0.23649999499320984
"SLC2A3","node_id_3202",10.873900413513184,-0.4772000014781952
"NGEF","node_id_3206",9.360099792480469,0.3073999881744385
"MYSM1","node_id_3208",4.7733001708984375,-0.477400004863739
"CARD9","node_id_3210",6.288300037384033,0.01940000057220459
"BAP1","node_id_3212",10.378800392150879,0.4043000042438507
"ULK1","node_id_3219",10.331100463867188,0.4555000066757202
"ITGA4","node_id_3221",8.965800285339355,0.3249000012874603
"CSF2RB","node_id_3223",7.514999866485596,0.3215000033378601
"NDST1","node_id_3225",11.651599884033203,0.11079999804496765
"SMARCC1","node_id_3227",9.911800384521484,-0.33570000529289246
"ZNF350","node_id_3231",7.438799858093262,-0.450300008058548
"BCAS2","node_id_3233",9.665300369262695,-0.41260001063346863
"TXK","node_id_3240",4.439700126647949,0.4323999881744385
"SYK","node_id_3246",9.009499549865723,0.0860000029206276
"KCNA4","node_id_3247",0.0,-0.4388999938964844
"PRDX1","node_id_3255",12.381099700927734,0.40610000491142273
"ALDH3A2","node_id_3256",11.371100425720215,0.28450000286102295
"LSM11","node_id_3261",7.267300128936768,-0.3521000146865845
"PLCE1","node_id_3264",8.187000274658203,-0.28349998593330383
"COL6A1","node_id_3266",12.70110034942627,0.37059998512268066
"STON2","node_id_3269",8.392200469970703,0.30059999227523804
"EPN1","node_id_3270",12.163800239562988,0.44850000739097595
"GABRG2","node_id_3271",0.0,-0.2612000107765198
"AEBP2","node_id_3272",9.3641996383667,-0.43619999289512634
"IFT81","node_id_3273",7.85699987411499,-0.47859999537467957
"CLOCK","node_id_3274",6.663400173187256,-0.4417000114917755
"FZD7","node_id_3277",8.506099700927734,-0.044599998742341995
"CABIN1","node_id_3281",10.472900390625,-0.4569999873638153
"MKI67","node_id_3282",7.592100143432617,-0.3154999911785126
"WNK1","node_id_3290",10.92650032043457,0.4117000102996826
"GNL2","node_id_3291",10.044500350952148,-0.4860999882221222
"DENND1B","node_id_3292",3.194499969482422,0.11659999936819077
"OPRL1","node_id_3294",5.965199947357178,0.39980000257492065
"SH3GL2","node_id_3295",7.010900020599365,-0.4424999952316284
"EHHADH","node_id_3296",11.254799842834473,0.25999999046325684
"ITGA2","node_id_3297",9.411499977111816,-0.19380000233650208
"MAP2K4","node_id_3300",9.148300170898438,-0.43059998750686646
"CNTNAP1","node_id_3301",7.2316999435424805,-0.43700000643730164
"TPH2","node_id_3302",0.0,-0.4275999963283539
"NUMBL","node_id_3303",7.505099773406982,-0.2777000069618225
"SH2D3C","node_id_3307",10.986599922180176,0.028300000354647636
"RIPK1","node_id_3308",10.106599807739258,0.3402999937534332
"GPR83","node_id_3309",3.092099905014038,-0.042399998754262924
"TRPV6","node_id_3313",3.8250999450683594,0.156700000166893
"GCK","node_id_3317",2.2520999908447266,-0.3928999900817871
"OPN4","node_id_3318",0.7024999856948853,0.2897999882698059
"LAMA1","node_id_3320",7.2906999588012695,-0.20170000195503235
"KIAA0319","node_id_3321",7.059199810028076,-0.47510001063346863
"EXOSC9","node_id_3323",9.098299980163574,-0.47870001196861267
"DOK2","node_id_3325",8.00879955291748,0.328000009059906
"BRAP","node_id_3332",8.789899826049805,-0.4823000133037567
"SPTBN5","node_id_3333",5.79640007019043,-0.2011999934911728
"PKP1","node_id_3334",3.8250999450683594,-0.4909000098705292
"MCM6","node_id_3335",9.519000053405762,-0.4438000023365021
"SAFB2","node_id_3336",11.006500244140625,0.04899999871850014
"KIT","node_id_3346",7.973199844360352,-0.4896000027656555
"ITGAL","node_id_3347",9.042499542236328,-0.07999999821186066
"PRPF6","node_id_3349",12.29800033569336,-0.4771000146865845
"PPARGC1A","node_id_3352",8.418899536132812,-0.22059999406337738
"RPS6KA5","node_id_3353",5.79640007019043,-0.03200000151991844
"BLK","node_id_3356",2.2520999908447266,-0.4747999906539917
"ROCK2","node_id_3358",9.3503999710083,-0.38190001249313354
"DDX17","node_id_3359",13.096199989318848,-0.4884999990463257
"KITLG","node_id_3360",9.484000205993652,-0.3001999855041504
"SP3","node_id_3364",10.538900375366211,-0.45980000495910645
"REV3L","node_id_3365",8.710000038146973,0.16820000112056732
"NUP153","node_id_3366",9.415499687194824,-0.46619999408721924
"CAP2","node_id_3368",7.973199844360352,0.257999986410141
"TOP3B","node_id_3370",8.19320011138916,-0.48489999771118164
"AP1G2","node_id_3371",9.650300025939941,-0.4221999943256378
"TGM1","node_id_3372",4.5208001136779785,0.18809999525547028
"SOS2","node_id_3374",9.782099723815918,0.020500000566244125
"CYP21A2","node_id_3375",7.62060022354126,0.2775000035762787
"NOD1","node_id_3378",8.880999565124512,0.39419999718666077
"LMOD1","node_id_3381",9.311100006103516,-0.04960000142455101
"DEK","node_id_3384",10.711199760437012,-0.48559999465942383
"FRS3","node_id_3389",6.783299922943115,-0.4871000051498413
"CHAF1A","node_id_3396",8.046899795532227,0.40700000524520874
"MED1","node_id_3398",9.489100456237793,-0.07980000227689743
"BRD7","node_id_3400",9.653200149536133,0.41130000352859497
"AKT2","node_id_3402",10.904399871826172,0.33719998598098755
"SEC24C","node_id_3405",11.272100448608398,-0.39500001072883606
"PDLIM7","node_id_3407",10.110699653625488,0.10689999908208847
"TNKS2","node_id_3410",9.878499984741211,0.3560999929904938
"MAPK6","node_id_3412",9.047599792480469,-0.490200012922287
"UTP20","node_id_3415",8.750499725341797,-0.4318999946117401
"GRIP1","node_id_3417",3.3798000812530518,0.48010000586509705
"CEP97","node_id_3420",4.9593000411987305,-0.11749999970197678
"BDKRB2","node_id_3423",8.113800048828125,-0.27219998836517334
"PTPN2","node_id_3424",8.595399856567383,-0.4900999963283539
"PLCB4","node_id_3428",7.906899929046631,0.15569999814033508
"CRNKL1","node_id_3429",9.388699531555176,-0.49309998750686646
"QSOX1","node_id_3431",11.381999969482422,0.26010000705718994
"KCNJ15","node_id_3433",9.775899887084961,-0.0625
"HPN","node_id_3435",12.122400283813477,-0.4745999872684479
"DDX23","node_id_3436",10.929699897766113,-0.47999998927116394
"GPAM","node_id_3440",7.500100135803223,-0.4090999960899353
"SCN3A","node_id_3444",3.194499969482422,0.2605000138282776
"CENPE","node_id_3446",4.670400142669678,0.38839998841285706
"RANGAP1","node_id_3447",10.240500450134277,0.41670000553131104
"ACAN","node_id_3448",7.505099773406982,-0.08649999648332596
"UBXN7","node_id_3449",6.60890007019043,-0.3986000120639801
"TFAP2C","node_id_3452",0.7024999856948853,-0.4381999969482422
"CTSA","node_id_3453",12.645500183105469,0.30880001187324524
"PAK1","node_id_3455",10.074199676513672,-0.3971000015735626
"ARHGAP9","node_id_3456",7.313600063323975,0.23579999804496765
"EPHB6","node_id_3458",8.506099700927734,0.2605000138282776
"ZAP70","node_id_3459",7.092700004577637,0.00860000029206276
"DSG3","node_id_3463",0.0,0.32440000772476196
"RBM14","node_id_3465",9.883500099182129,-0.4848000109195709
"GOLGB1","node_id_3468",10.998100280761719,-0.47530001401901245
"HSPA8","node_id_3477",13.496299743652344,0.210099995136261
"CASP2","node_id_3479",9.209199905395508,0.4253000020980835
"RFFL","node_id_3480",8.749899864196777,0.15160000324249268
"EIF2AK3","node_id_3483",9.544699668884277,0.3070000112056732
"SYT11","node_id_3484",9.509099960327148,0.10840000212192535
"OAS3","node_id_3485",9.444299697875977,-0.4869999885559082
"TOP2A","node_id_3490",7.380300045013428,-0.486299991607666
"MALT1","node_id_3491",9.497900009155273,-0.4797999858856201
"SLC6A4","node_id_3492",2.589400053024292,0.3917999863624573
"CACNG3","node_id_3495",0.0,-0.4352000057697296
"ACTL6B","node_id_3496",0.0,-0.42149999737739563
"INTU","node_id_3498",6.5030999183654785,-0.4733000099658966
"ADAM15","node_id_3499",10.786999702453613,0.042100001126527786
"NUDT7","node_id_3500",6.946300029754639,-0.4763000011444092
"UBR5","node_id_3503",9.961700439453125,-0.15839999914169312
"CDS1","node_id_3504",9.026900291442871,-0.33820000290870667
"SERPINB3","node_id_3505",0.0,-0.004800000227987766
"MLH1","node_id_3506",8.972100257873535,-0.47209998965263367
"TRPC6","node_id_3509",5.384500026702881,0.2662000060081482
"ACVR1C","node_id_3510",3.194499969482422,0.36640000343322754
"RBM5","node_id_3513",10.483200073242188,-0.4523000121116638
"ITGB3","node_id_3518",7.412499904632568,0.17900000512599945
"GRM1","node_id_3523",0.7024999856948853,-0.4521999955177307
"IRF9","node_id_3524",10.43019962310791,0.3734000027179718
"WIF1","node_id_3529",2.4305999279022217,0.3610000014305115
"RIN1","node_id_3530",7.2906999588012695,0.17329999804496765
"KCNH5","node_id_3532",0.0,0.2678999900817871
"LPIN3","node_id_3534",10.061200141906738,-0.2572000026702881
"FANCG","node_id_3542",7.89169979095459,0.41690000891685486
"TRIP6","node_id_3545",11.06980037689209,0.07090000063180923
"FGA","node_id_3547",1.8111000061035156,0.39959999918937683
"USP1","node_id_3552",9.25879955291748,-0.475600004196167
"PSG11","node_id_3555",0.0,0.36399999260902405
"XPO4","node_id_3557",8.373200416564941,-0.4629000127315521
"ABI1","node_id_3558",9.793100357055664,-0.45179998874664307
"ATP8A1","node_id_3561",8.30049991607666,0.20749999582767487
"MAPK7","node_id_3563",8.998000144958496,-0.47540000081062317
"MAP3K4","node_id_3565",9.326600074768066,-0.40470001101493835
"ADCY2","node_id_3567",5.712500095367432,0.3716999888420105
"NBR1","node_id_3568",11.82699966430664,-0.4250999987125397
"CKAP2","node_id_3570",8.24489974975586,-0.44670000672340393
"MUSK","node_id_3571",0.0,0.3736000061035156
"DRD2","node_id_3572",1.1728999614715576,-0.4185999929904938
"BACH1","node_id_3573",9.241000175476074,0.1809999942779541
"DTX2","node_id_3576",8.288900375366211,0.38190001249313354
"KIF5A","node_id_3585",1.5269999504089355,0.031700000166893005
"VAV1","node_id_3586",7.407199859619141,0.3869999945163727
"SCN1A","node_id_3587",2.0483999252319336,0.4050999879837036
"NPY1R","node_id_3588",9.454700469970703,0.17880000174045563
"SIRPG","node_id_3589",4.9593000411987305,0.07500000298023224
"HDAC1","node_id_3590",11.242600440979004,-0.4681999981403351
"FAM13A","node_id_3602",11.090399742126465,0.1371999979019165
"JMY","node_id_3603",8.090700149536133,-0.4456999897956848
"SNAP91","node_id_3604",2.4305999279022217,-0.47519999742507935
"GLI1","node_id_3608",5.468699932098389,-0.47369998693466187
"UTP15","node_id_3609",7.433599948883057,-0.4302999973297119
"RXFP1","node_id_3613",4.7733001708984375,0.37560001015663147
"PLIN2","node_id_3615",14.96720027923584,0.08869999647140503
"MBD5","node_id_3618",8.32040023803711,-0.21559999883174896
"COL1A2","node_id_3624",14.518600463867188,0.41119998693466187
"CCR2","node_id_3626",6.076700210571289,0.39340001344680786
"ARHGEF15","node_id_3628",10.80679988861084,0.16689999401569366
"DHX38","node_id_3630",10.4399995803833,-0.3808000087738037
"SF3B4","node_id_3632",10.361000061035156,0.4406999945640564
"CHRND","node_id_3633",0.0,-0.29429998993873596
"INPP5J","node_id_3634",6.55210018157959,0.4124999940395355
"DDX20","node_id_3635",8.367799758911133,-0.4068000018596649
"MUC7","node_id_3636",0.0,-0.13210000097751617
"KCNA10","node_id_3639",0.0,0.43389999866485596
"RAPGEF1","node_id_3652",11.667799949645996,0.20180000364780426
"MTMR4","node_id_3656",8.905799865722656,0.30979999899864197
"PDGFRB","node_id_3660",12.340299606323242,0.1647000014781952
"TOP1","node_id_3661",10.597900390625,-0.4426000118255615
"PYGL","node_id_3662",10.411100387573242,-0.4796000123023987
"IKBKB","node_id_3663",9.692000389099121,0.3407000005245209
"ITGA10","node_id_3664",6.264999866485596,0.37139999866485596
"TAF5L","node_id_3665",8.586000442504883,0.428600013256073
"INTS3","node_id_3668",10.754300117492676,-0.07240000367164612
"RASGRF2","node_id_3674",7.549300193786621,-0.4787999987602234
"DSC1","node_id_3678",0.7024999856948853,-0.04320000112056732
"AGTR1","node_id_3686",9.545900344848633,-0.4749000072479248
"PTPRC","node_id_3687",9.234999656677246,0.4058000147342682
"COL17A1","node_id_3688",3.092099905014038,0.08980000019073486
"AKT3","node_id_3692",10.414400100708008,0.24089999496936798
"REV1","node_id_3702",9.453399658203125,-0.3450999855995178
"BIRC3","node_id_3704",10.317000389099121,0.26089999079704285
"SYMPK","node_id_3705",10.614700317382812,-0.4684999883174896
"VCAM1","node_id_3706",12.915399551391602,-0.039900001138448715
"SALL4","node_id_3709",0.7024999856948853,0.30390000343322754
"RPRD1B","node_id_3711",9.5201997756958,-0.4366999864578247
"MCM7","node_id_3712",11.020999908447266,0.37380000948905945
"CCKAR","node_id_3716",0.0,0.4823000133037567
"CD1D","node_id_3718",8.253800392150879,-0.16699999570846558
"HADHB","node_id_3721",12.08430004119873,-0.43700000643730164
"FANCM","node_id_3723",6.15500020980835,-0.41130000352859497
"STAP1","node_id_3724",2.862499952316284,0.00800000037997961
"ATP1B1","node_id_3725",14.188799858093262,0.2053000032901764
"ACTR1A","node_id_3726",11.288900375366211,0.3637999892234802
"DHX15","node_id_3727",10.767900466918945,-0.05490000173449516
"UBN1","node_id_3729",9.689800262451172,0.33180001378059387
"TMEM30A","node_id_3731",12.0,-0.22339999675750732
"CHRNB4","node_id_3736",2.0483999252319336,-0.29170000553131104
"HSD17B4","node_id_3738",10.64330005645752,-0.4586000144481659
"HSD11B1","node_id_3740",4.988100051879883,0.09629999846220016
"DHX8","node_id_3742",9.283699989318848,0.44179999828338623
"C3AR1","node_id_3743",8.384099960327148,0.04560000076889992
"MYF5","node_id_3748",0.0,-0.02979999966919422
"NUP155","node_id_3751",7.951399803161621,-0.4832000136375427
"SEMG1","node_id_3755",0.0,-0.06459999829530716
"CCNT1","node_id_3756",5.468699932098389,-0.041099999099969864
"CENPL","node_id_3757",5.659800052642822,0.3605000078678131
"DNAH8","node_id_3761",1.8111000061035156,0.3840000033378601
"TGM2","node_id_3762",13.44909954071045,0.3610999882221222
"PPARG","node_id_3766",8.991800308227539,-0.24310000240802765
"TSC1","node_id_3769",9.721199989318848,-0.13189999759197235
"SLC27A5","node_id_3773",6.440100193023682,0.33180001378059387
"OAS1","node_id_3777",10.504400253295898,-0.45419999957084656
"GEMIN5","node_id_3778",9.056099891662598,0.060100000351667404
"LCT","node_id_3782",1.1728999614715576,0.42879998683929443
"SCN8A","node_id_3786",2.862499952316284,0.18780000507831573
"ROBO2","node_id_3787",4.353799819946289,-0.3160000145435333
"RNF20","node_id_3794",9.931400299072266,0.24300000071525574
"HK3","node_id_3798",6.571300029754639,0.22679999470710754
"BRPF1","node_id_3799",8.458000183105469,0.42910000681877136
"CAPG","node_id_3800",11.499500274658203,-0.10559999942779541
"CNGA1","node_id_3804",3.7597999572753906,0.014000000432133675
"PLAU","node_id_3807",8.5826997756958,0.34869998693466187
"CBL","node_id_3812",9.547100067138672,0.04280000180006027
"CD4","node_id_3824",9.96619987487793,0.24609999358654022
"GHRHR","node_id_3826",0.0,0.4731000065803528
"CCT2","node_id_3827",11.039600372314453,-0.46779999136924744
"LINGO1","node_id_3836",8.48859977722168,0.42910000681877136
"POLN","node_id_3837",3.7630999088287354,0.4390999972820282
"CSF3R","node_id_3839",7.396500110626221,0.1868000030517578
"CD93","node_id_3845",12.512200355529785,0.020999999716877937
"DLGAP5","node_id_3846",4.9593000411987305,0.2809000015258789
"PRPF39","node_id_3848",8.623200416564941,-0.4781999886035919
"ABCA1","node_id_3854",10.033300399780273,0.28380000591278076
"SUPT16H","node_id_3856",10.827400207519531,-0.4846000075340271
"MNDA","node_id_3858",7.75600004196167,0.0632999986410141
"TEP1","node_id_3859",9.069700241088867,0.400299996137619
"DNAJB4","node_id_3863",8.981100082397461,-0.4383000135421753
"CDC37","node_id_3864",12.311400413513184,-0.4717000126838684
"DDX5","node_id_3866",13.624699592590332,0.4147000014781952
"NRBP1","node_id_3871",11.155599594116211,-0.4717000126838684
"USP37","node_id_3874",8.661700248718262,-0.4805999994277954
"BMS1","node_id_3878",9.880499839782715,-0.4399000108242035
"PIK3C2A","node_id_3879",9.9975004196167,0.39590001106262207
"APBB1IP","node_id_3881",9.991299629211426,-0.4424000084400177
"KHK","node_id_3887",13.333499908447266,-0.2168000042438507
"VPS33B","node_id_3890",8.424200057983398,-0.4887999892234802
"CD300A","node_id_3892",8.104000091552734,0.1339000016450882
"FLT3","node_id_3894",2.9818999767303467,-0.3070000112056732
"FTSJ3","node_id_3897",10.236800193786621,-0.47909998893737793
"GZMA","node_id_3899",7.524899959564209,0.41620001196861267
"GALNT1","node_id_3905",9.919300079345703,0.0794999971985817
"ATP12A","node_id_3906",4.806000232696533,-0.3912999927997589
"KPNA2","node_id_3910",8.861700057983398,-0.4636000096797943
"PIP4K2C","node_id_3916",9.383299827575684,-0.46860000491142273
"WDR3","node_id_3919",8.836199760437012,-0.4713999927043915
"BRWD1","node_id_3923",9.384699821472168,-0.47040000557899475
"MPHOSPH10","node_id_3924",9.457300186157227,-0.4683000147342682
"PTPN3","node_id_3926",9.881400108337402,-0.3646000027656555
"AMDHD1","node_id_3927",7.3078999519348145,-0.46790000796318054
"MET","node_id_3929",12.044599533081055,0.3919999897480011
"PTPRB","node_id_3932",11.777000427246094,0.08919999748468399
"MIB1","node_id_3934",9.384699821472168,-0.44200000166893005
"HGF","node_id_3935",6.68120002746582,-0.14560000598430634
"LPAR1","node_id_3938",7.660799980163574,0.10999999940395355
"ITIH2","node_id_3942",1.1728999614715576,0.4307999908924103
"IKBKE","node_id_3962",6.775100231170654,0.1809999942779541
"MFN1","node_id_3964",8.72719955444336,-0.4839000105857849
"MMP3","node_id_3965",0.0,0.4162999987602234
"KIFAP3","node_id_3967",9.743599891662598,-0.3391000032424927
"DBH","node_id_3970",3.8875999450683594,0.38909998536109924
"GYS1","node_id_3972",10.803799629211426,-0.4887999892234802
"TRAF5","node_id_3977",8.012299537658691,0.3109000027179718
"HAL","node_id_3982",2.9818999767303467,0.3239000141620636
"ZRANB1","node_id_3983",9.59119987487793,0.444599986076355
"EGF","node_id_3992",6.707399845123291,0.1265999972820282
"PLCB1","node_id_3994",9.892900466918945,-0.47029998898506165
"HDAC5","node_id_3996",11.028800010681152,-0.1535000056028366
"ALDH1A3","node_id_3997",7.649400234222412,0.3917999863624573
"GLB1","node_id_3998",9.527600288391113,0.28929999470710754
"SPTA1","node_id_3999",1.8111000061035156,0.3824000060558319
"DMP1","node_id_4004",0.0,0.4106000065803528
"IFI44","node_id_4006",9.273500442504883,-0.2214999943971634
"LPA","node_id_4009",0.0,-0.12200000137090683
"GBP7","node_id_4010",1.8240000009536743,0.33500000834465027
"PDCD11","node_id_4012",9.360099792480469,-0.48240000009536743
"SMC2","node_id_4016",7.910600185394287,-0.2768000066280365
"COPA","node_id_4018",11.865699768066406,-0.48890000581741333
"TRPV2","node_id_4019",8.975700378417969,0.19699999690055847
"AGT","node_id_4020",10.482999801635742,0.26409998536109924
"PLCZ1","node_id_4022",0.0,0.4316999912261963
"PRMT5","node_id_4025",10.374699592590332,-0.4399000108242035
"CD1C","node_id_4032",4.670400142669678,0.08860000222921371
"ARHGAP5","node_id_4034",10.597299575805664,-0.4571000039577484
"GRIA1","node_id_4038",3.8250999450683594,-0.4609000086784363
"PSG3","node_id_4046",0.0,-0.06629999727010727
"LCE1C","node_id_4047",0.0,0.30809998512268066
"AP4M1","node_id_4051",8.314399719238281,0.2800000011920929
"TAAR9","node_id_4054",0.0,0.2980000078678131
"ITGB6","node_id_4056",8.283100128173828,0.41909998655319214
"ZBP1","node_id_4057",3.6914000511169434,0.23759999871253967
"PKN3","node_id_4061",8.455400466918945,0.2662000060081482
"KCNA5","node_id_4068",5.097899913787842,-0.47589999437332153
"HIST2H2BE","node_id_4071",7.003799915313721,-0.4733999967575073
"ACO2","node_id_4072",12.249699592590332,-0.12430000305175781
"HSPD1","node_id_4073",12.820500373840332,-0.487199991941452
"TF","node_id_4074",2.7323999404907227,0.2094999998807907
"HTR1F","node_id_4083",2.2520999908447266,0.44110000133514404
"NCF4","node_id_4085",7.624599933624268,0.035999998450279236
"CCT6B","node_id_4086",5.605100154876709,-0.4449999928474426
"ECT2","node_id_4087",7.5346999168396,0.39800000190734863
"FGD4","node_id_4090",8.712200164794922,-0.08869999647140503
"AOC2","node_id_4092",4.634399890899658,0.2676999866962433
"SMC5","node_id_4093",8.8302001953125,-0.40630000829696655
"FOXM1","node_id_4105",7.316800117492676,0.41519999504089355
"GRIN3A","node_id_4106",3.29010009765625,0.3203999996185303
"FCER1A","node_id_4108",6.217100143432617,0.3052999973297119
"PLA2G4A","node_id_4109",6.15500020980835,-0.4602999985218048
"TNC","node_id_4115",10.47920036315918,0.2484000027179718
"PSG1","node_id_4126",0.7024999856948853,-0.024900000542402267
"GAPVD1","node_id_4130",9.791299819946289,-0.48750001192092896
"HIRA","node_id_4131",9.674400329589844,-0.4629000127315521
"INTS7","node_id_4135",7.267300128936768,-0.47589999437332153
"COL4A4","node_id_4136",8.557499885559082,-0.4442000091075897
"CREB3L3","node_id_4144",8.930100440979004,-0.1648000031709671
"XRN2","node_id_4147",10.535200119018555,-0.48350000381469727
"GTSE1","node_id_4148",5.52869987487793,-0.45489999651908875
"HMGCS2","node_id_4152",8.408300399780273,-0.11819999665021896
"RIPK3","node_id_4158",6.421000003814697,-0.06599999964237213
"CYP4A11","node_id_4159",11.92770004272461,-0.1889999955892563
"CDC40","node_id_4165",9.056099891662598,-0.4602000117301941
"LRRC7","node_id_4169",6.698699951171875,0.36419999599456787
"IQCB1","node_id_4171",8.23289966583252,-0.48410001397132874
"WASF1","node_id_4175",8.288900375366211,-0.46320000290870667
"ARHGEF5","node_id_4178",8.23289966583252,-0.2978000044822693
"GLE1","node_id_4183",9.448200225830078,-0.44200000166893005
"PSG8","node_id_4188",0.0,0.48559999465942383
"FCGR1A","node_id_4189",7.017899990081787,0.05050000175833702
"CPSF3","node_id_4202",9.40880012512207,0.051600001752376556
"IQGAP3","node_id_4204",6.482999801635742,0.24650000035762787
"CD22","node_id_4205",4.262400150299072,0.25200000405311584
"COL4A3","node_id_4206",7.998199939727783,-0.4442000091075897
"FSHR","node_id_4210",0.0,-0.009399999864399433
"LILRB3","node_id_4213",6.11870002746582,0.4268999993801117
"SPARCL1","node_id_4215",13.088199615478516,-0.02419999986886978
"ZWILCH","node_id_4222",7.417200088500977,-0.3977000117301941
"MMRN1","node_id_4225",5.993899822235107,0.24220000207424164
"DDX31","node_id_4227",7.984000205993652,-0.4925999939441681
"SNAPC3","node_id_4231",8.902000427246094,-0.40070000290870667
"AMBN","node_id_4235",0.0,-0.2363000065088272
"GPR55","node_id_4236",3.8875999450683594,0.36570000648498535
"MELK","node_id_4243",4.899899959564209,-0.4731999933719635
"PRKACG","node_id_4245",0.0,-0.43209999799728394
"BAAT","node_id_4246",2.2520999908447266,0.10360000282526016
"ARID4A","node_id_4256",9.245499610900879,-0.4131999909877777
"PGM5","node_id_4258",8.707900047302246,-0.38769999146461487
"MCM3AP","node_id_4262",10.906999588012695,-0.46389999985694885
"PSG6","node_id_4264",0.0,0.3612000048160553
"COG5","node_id_4270",9.087499618530273,-0.4887999892234802
"CPB2","node_id_4271",0.0,0.17229999601840973
"GLCE","node_id_4277",9.097999572753906,-0.2459000051021576
"GALNT8","node_id_4278",1.1728999614715576,0.44200000166893005
"ADAM28","node_id_4279",6.750100135803223,0.1648000031709671
"KIR3DL1","node_id_4286",3.6196000576019287,0.09229999780654907
"LILRA1","node_id_4288",4.164899826049805,0.07180000096559525
"EFTUD2","node_id_4291",10.40880012512207,-0.4595000147819519
"ACOX1","node_id_4294",10.286199569702148,-0.36410000920295715
"KNTC1","node_id_4305",7.267300128936768,-0.36559998989105225
"ATP6V1A","node_id_4307",10.276000022888184,-0.32350000739097595
"KIF4B","node_id_4311",1.5269999504089355,-0.11420000344514847
"CHIT1","node_id_4314",2.862499952316284,0.4043999910354614
"PDCD10","node_id_4324",8.737899780273438,-0.4887000024318695
"MUTYH","node_id_4327",7.539299964904785,-0.49050000309944153
"HSP90B1","node_id_4330",14.219200134277344,0.3910999894142151
"TRAT1","node_id_4331",3.6914000511169434,0.14319999516010284
"USP5","node_id_4333",10.891200065612793,-0.46939998865127563
"TAAR1","node_id_4334",0.7024999856948853,0.3537999987602234
"CHEK2","node_id_4335",7.017899990081787,-0.4878999888896942
"RRP9","node_id_4336",7.813399791717529,0.34869998693466187
"TRIM6","node_id_4342",7.864799976348877,-0.4172999858856201
"KLRC1","node_id_4343",4.5208001136779785,0.3160000145435333
"RNF31","node_id_4344",9.781100273132324,-0.3095000088214874
"WBP11","node_id_4346",10.335399627685547,-0.4555000066757202
"WDHD1","node_id_4348",5.567399978637695,-0.4129999876022339
"GBP5","node_id_4351",7.958700180053711,0.43479999899864197
"APEX1","node_id_4352",11.324600219726562,-0.46959999203681946
"RPAP2","node_id_4354",7.017899990081787,-0.40860000252723694
"KIF20A","node_id_4355",5.78000020980835,0.3822999894618988
"RPGRIP1L","node_id_4360",7.188899993896484,-0.48989999294281006
"SCYL2","node_id_4361",8.410900115966797,-0.43849998712539673
"CCT3","node_id_4362",12.036600112915039,-0.49140000343322754
"HELQ","node_id_4364",8.053799629211426,-0.4864000082015991
"GNPAT","node_id_4365",10.162199974060059,-0.43970000743865967
"NDC80","node_id_4390",5.844399929046631,-0.4742000102996826
"RCC1","node_id_4397",7.254899978637695,-0.012900000438094139
"FLRT3","node_id_4399",9.138699531555176,-0.4620000123977661
"PRPF4","node_id_4404",9.322400093078613,-0.46239998936653137
"GNAZ","node_id_4405",7.549300193786621,-0.48399999737739563
"KIF15","node_id_4409",4.308800220489502,-0.24330000579357147
"TIMP3","node_id_4413",14.310500144958496,-0.13760000467300415
"BRD8","node_id_4416",10.212599754333496,-0.478300005197525
"NOL6","node_id_4423",9.51159954071045,-0.460999995470047
"B3GNT5","node_id_4424",8.418899536132812,0.4009000062942505
"ANGPTL3","node_id_4426",1.5269999504089355,0.396699994802475
"HIST1H3F","node_id_4430",0.0,-0.4546999931335449
"COL8A1","node_id_4434",8.528300285339355,0.18970000743865967
"VLDLR","node_id_4435",8.274399757385254,-0.36899998784065247
"ECD","node_id_4436",8.604700088500977,-0.4242999851703644
"TPR","node_id_4440",10.803400039672852,-0.4699000120162964
"NUP62","node_id_4441",10.302200317382812,0.20419999957084656
"TRIM13","node_id_4442",9.759699821472168,0.2084999978542328
"STON1","node_id_4449",8.904800415039062,0.2572000026702881
